runID, size, clue_count, board, alg1Time, alg1Solution, alg1Valid, alg2Time, alg2Solution, alg2Valid 
1,9,17, _ _ _ _ _ 5 _ _ _ | _ _ _ _ _ _ 4 _ _ | _ _ _ _ _ _ _ _ _ | _ 1 3 _ _ _ _ _ _ | _ _ 5 3 _ _ _ _ 6 | _ _ _ 7 _ _ _ _ _ | 6 _ _ 5 _ _ _ _ _ | _ _ _ _ _ 1 5 _ 4 | 9 _ 4 8 _ _ _ 6 _ |,1.67512, 1 2 6 4 3 5 7 8 9 | 3 7 8 1 6 9 4 2 5 | 5 4 9 2 8 7 6 1 3 | 4 1 3 9 2 6 8 5 7 | 7 9 5 3 1 8 2 4 6 | 8 6 2 7 5 4 3 9 1 | 6 3 1 5 4 2 9 7 8 | 2 8 7 6 9 1 5 3 4 | 9 5 4 8 7 3 1 6 2 |,1,2.63875, 1 2 6 4 3 5 7 8 9 | 3 7 8 1 6 9 4 2 5 | 5 4 9 2 8 7 6 1 3 | 4 1 3 9 2 6 8 5 7 | 7 9 5 3 1 8 2 4 6 | 8 6 2 7 5 4 3 9 1 | 6 3 1 5 4 2 9 7 8 | 2 8 7 6 9 1 5 3 4 | 9 5 4 8 7 3 1 6 2 |,1,
2,9,17, _ _ _ _ 2 _ _ _ _ | _ _ _ _ 5 _ _ _ _ | _ _ 3 _ _ _ 4 _ 8 | 1 _ _ _ _ _ _ _ 7 | _ _ _ _ 9 7 _ _ 4 | _ _ 8 _ _ _ _ _ _ | _ _ 1 _ _ _ _ _ _ | 5 _ _ _ 8 _ _ _ 1 | _ _ _ _ _ 1 _ 3 _ |,0.0043751, 4 1 5 3 2 8 6 7 9 | 6 8 7 4 5 9 1 2 3 | 2 9 3 1 7 6 4 5 8 | 1 2 4 6 3 5 8 9 7 | 3 5 6 8 9 7 2 1 4 | 9 7 8 2 1 4 3 6 5 | 7 3 1 5 4 2 9 8 6 | 5 6 2 9 8 3 7 4 1 | 8 4 9 7 6 1 5 3 2 |,1,0.0013284, 9 1 4 3 2 8 5 7 6 | 2 8 6 7 5 4 1 9 3 | 7 5 3 1 6 9 4 2 8 | 1 2 9 4 3 5 6 8 7 | 3 6 5 8 9 7 2 1 4 | 4 7 8 2 1 6 3 5 9 | 8 3 1 6 7 2 9 4 5 | 5 4 2 9 8 3 7 6 1 | 6 9 7 5 4 1 8 3 2 |,1,
3,9,17, _ _ _ _ _ _ _ _ 7 | _ _ _ _ 6 _ 2 3 _ | _ _ _ _ _ _ _ _ _ | _ _ _ _ _ _ 8 9 _ | _ _ _ _ _ 1 _ _ 4 | _ 8 _ 2 _ _ _ _ _ | _ _ _ _ 8 _ _ _ 2 | _ 7 _ _ _ _ _ _ 3 | 9 _ _ 7 3 _ _ _ _ |,1.19854, 1 2 3 4 5 9 6 8 7 | 4 5 7 1 6 8 2 3 9 | 6 9 8 3 2 7 1 4 5 | 2 1 4 5 7 3 8 9 6 | 3 6 5 8 9 1 7 2 4 | 7 8 9 2 4 6 3 5 1 | 5 3 1 6 8 4 9 7 2 | 8 7 2 9 1 5 4 6 3 | 9 4 6 7 3 2 5 1 8 |,1,1.32567, 4 1 2 3 5 9 6 8 7 | 5 9 7 4 6 8 2 3 1 | 3 6 8 1 2 7 4 5 9 | 2 4 1 5 7 3 8 9 6 | 6 3 5 8 9 1 7 2 4 | 7 8 9 2 4 6 3 1 5 | 1 5 3 6 8 4 9 7 2 | 8 7 4 9 1 2 5 6 3 | 9 2 6 7 3 5 1 4 8 |,1,
4,9,17, 5 _ _ _ _ _ _ _ _ | 3 _ _ _ _ _ _ _ _ | _ _ _ _ _ 8 _ 3 _ | _ _ _ _ _ _ 8 _ 7 | 4 5 9 _ _ _ 3 6 2 | _ _ _ _ _ _ _ _ 1 | _ _ _ _ _ _ _ _ _ | _ _ _ 8 _ _ 9 1 _ | _ _ _ _ _ _ _ _ 3 |,0.0035396, 5 1 2 3 4 6 7 8 9 | 3 4 8 1 7 9 2 5 6 | 6 9 7 2 5 8 1 3 4 | 1 2 3 4 6 5 8 9 7 | 4 5 9 7 8 1 3 6 2 | 7 8 6 9 2 3 5 4 1 | 9 3 5 6 1 2 4 7 8 | 2 6 4 8 3 7 9 1 5 | 8 7 1 5 9 4 6 2 3 |,1,0.001829, 5 8 1 2 3 4 6 7 9 | 3 2 4 6 7 9 1 5 8 | 6 9 7 1 5 8 2 3 4 | 1 3 2 4 6 5 8 9 7 | 4 5 9 7 8 1 3 6 2 | 7 6 8 3 9 2 5 4 1 | 8 4 3 9 1 6 7 2 5 | 2 7 5 8 4 3 9 1 6 | 9 1 6 5 2 7 4 8 3 |,1,
5,9,17, _ 6 _ _ _ _ _ 8 _ | _ _ _ _ _ 9 2 _ _ | 2 _ _ _ 7 8 _ 3 _ | _ _ _ _ _ _ _ _ _ | _ _ _ _ _ _ _ _ 2 | _ _ _ 2 _ _ _ 1 _ | 5 _ _ 6 _ _ _ _ _ | _ _ _ _ _ 2 _ _ 1 | _ 4 _ 7 _ _ _ _ _ |,0.0083739, 1 6 4 3 2 5 7 8 9 | 3 7 8 1 6 9 2 4 5 | 2 5 9 4 7 8 1 3 6 | 4 1 2 5 3 6 8 9 7 | 6 8 7 9 1 4 3 5 2 | 9 3 5 2 8 7 6 1 4 | 5 2 1 6 4 3 9 7 8 | 7 9 3 8 5 2 4 6 1 | 8 4 6 7 9 1 5 2 3 |,1,0.0003018, 7 6 1 3 2 4 5 8 9 | 3 5 8 1 6 9 2 4 7 | 2 9 4 5 7 8 1 3 6 | 1 2 3 4 5 6 7 9 8 | 4 7 5 8 9 1 3 6 2 | 6 8 9 2 3 7 4 1 5 | 5 1 2 6 8 3 9 7 4 | 8 3 7 9 4 2 6 5 1 | 9 4 6 7 1 5 8 2 3 |,1,
6,9,17, _ _ _ _ 2 _ _ 6 _ | _ _ _ _ 6 7 _ _ _ | _ _ 1 5 _ _ 2 _ _ | _ _ _ _ 3 _ _ _ _ | _ _ _ _ 9 _ _ 8 6 | _ _ _ 4 7 _ _ _ _ | _ _ _ _ _ _ _ _ _ | 8 _ 7 _ _ 2 _ _ _ | _ 4 _ _ _ _ _ _ _ |,0.0101973, 3 5 4 1 2 8 7 6 9 | 2 8 9 3 6 7 1 4 5 | 6 7 1 5 4 9 2 3 8 | 4 1 6 8 3 5 9 2 7 | 7 3 5 2 9 1 4 8 6 | 9 2 8 4 7 6 5 1 3 | 1 6 3 7 5 4 8 9 2 | 8 9 7 6 1 2 3 5 4 | 5 4 2 9 8 3 6 7 1 |,1,0.0044028, 7 3 4 1 2 8 5 6 9 | 2 5 8 9 6 7 1 3 4 | 6 9 1 5 4 3 2 7 8 | 1 2 9 8 3 6 7 4 5 | 4 7 5 2 9 1 3 8 6 | 3 8 6 4 7 5 9 1 2 | 9 1 2 7 8 4 6 5 3 | 8 6 7 3 5 2 4 9 1 | 5 4 3 6 1 9 8 2 7 |,1,
7,9,17, _ _ 2 1 _ _ _ _ _ | 6 1 5 _ 8 _ _ _ _ | _ 8 4 _ _ _ _ _ _ | 1 _ 3 _ 5 _ _ _ 8 | _ _ _ _ _ _ _ _ _ | _ 6 _ _ 2 _ 4 _ _ | _ _ _ _ _ _ _ _ _ | 5 _ _ _ _ _ _ _ _ | _ _ _ _ 3 _ _ _ _ |,0.000275, 3 7 2 1 4 5 6 8 9 | 6 1 5 2 8 9 3 4 7 | 9 8 4 3 6 7 1 2 5 | 1 2 3 4 5 6 7 9 8 | 4 5 7 8 9 1 2 3 6 | 8 6 9 7 2 3 4 5 1 | 2 3 1 5 7 8 9 6 4 | 5 4 6 9 1 2 8 7 3 | 7 9 8 6 3 4 5 1 2 |,1,0.0002903, 3 7 2 1 4 5 6 8 9 | 6 1 5 2 8 9 3 4 7 | 9 8 4 3 6 7 1 2 5 | 1 2 3 4 5 6 7 9 8 | 4 5 7 8 9 1 2 3 6 | 8 6 9 7 2 3 4 5 1 | 2 3 1 5 7 8 9 6 4 | 5 4 6 9 1 2 8 7 3 | 7 9 8 6 3 4 5 1 2 |,1,
8,9,17, 8 3 2 _ 4 _ _ 7 _ | _ _ 5 _ _ _ _ _ _ | _ 6 _ _ _ 8 _ _ 5 | _ _ 3 _ _ _ _ _ 7 | _ _ _ _ _ _ 2 _ 6 | _ _ _ _ _ _ _ _ _ | _ _ _ _ _ _ _ _ _ | _ _ _ 9 _ _ 7 _ _ | _ _ _ _ _ 4 _ 1 _ |,0.00097, 8 3 2 1 4 5 6 7 9 | 1 4 5 6 7 9 3 2 8 | 7 6 9 2 3 8 1 4 5 | 2 1 3 4 5 6 8 9 7 | 4 5 7 8 9 1 2 3 6 | 6 9 8 3 2 7 4 5 1 | 3 7 1 5 6 2 9 8 4 | 5 8 4 9 1 3 7 6 2 | 9 2 6 7 8 4 5 1 3 |,1,0.0008139, 8 3 2 5 4 1 6 7 9 | 1 4 5 6 7 9 3 2 8 | 7 6 9 2 3 8 1 4 5 | 2 1 3 4 5 6 8 9 7 | 4 5 8 1 9 7 2 3 6 | 6 9 7 3 8 2 4 5 1 | 3 2 1 7 6 5 9 8 4 | 5 8 4 9 1 3 7 6 2 | 9 7 6 8 2 4 5 1 3 |,1,
9,9,17, _ 2 _ _ _ _ 6 _ _ | 1 _ _ 2 _ 9 _ _ _ | _ 6 _ 4 _ _ _ _ _ | _ _ _ _ 4 _ _ _ 7 | 5 _ _ _ _ _ _ _ _ | _ _ _ _ 1 _ _ _ 6 | _ _ _ _ _ _ _ _ _ | _ _ _ 9 2 3 _ _ _ | _ 5 _ _ 8 _ _ _ _ |,0.0030223, 3 2 4 1 5 7 6 8 9 | 1 7 8 2 6 9 3 4 5 | 9 6 5 4 3 8 1 7 2 | 2 1 3 8 4 6 5 9 7 | 5 4 6 7 9 2 8 1 3 | 8 9 7 3 1 5 4 2 6 | 4 3 2 5 7 1 9 6 8 | 6 8 1 9 2 3 7 5 4 | 7 5 9 6 8 4 2 3 1 |,1,0.0025307, 3 2 4 1 5 7 6 8 9 | 1 7 8 2 6 9 3 4 5 | 9 6 5 4 3 8 1 7 2 | 2 1 3 8 4 6 5 9 7 | 5 4 6 7 9 2 8 1 3 | 8 9 7 3 1 5 4 2 6 | 4 3 2 5 7 1 9 6 8 | 6 8 1 9 2 3 7 5 4 | 7 5 9 6 8 4 2 3 1 |,1,
10,9,17, _ _ _ _ _ _ 6 _ 9 | 5 _ _ _ _ _ _ _ _ | _ _ 4 _ 7 _ _ _ _ | _ _ _ _ _ _ _ _ 8 | 4 5 6 _ 9 _ _ 1 _ | 7 8 _ _ _ _ _ _ _ | _ _ _ _ _ _ _ _ _ | _ _ _ _ _ _ _ _ _ | 9 _ 5 7 _ _ _ _ 3 |,0.0019298, 1 2 3 4 5 8 6 7 9 | 5 6 7 1 2 9 3 8 4 | 8 9 4 3 7 6 1 2 5 | 2 3 1 5 6 7 4 9 8 | 4 5 6 8 9 3 2 1 7 | 7 8 9 2 1 4 5 3 6 | 3 7 2 6 8 5 9 4 1 | 6 4 8 9 3 1 7 5 2 | 9 1 5 7 4 2 8 6 3 |,1,0.0007518, 8 1 2 3 4 5 6 7 9 | 5 3 7 1 6 9 2 8 4 | 6 9 4 2 7 8 1 3 5 | 1 2 3 4 5 7 9 6 8 | 4 5 6 8 9 2 3 1 7 | 7 8 9 6 1 3 4 5 2 | 2 4 8 5 3 6 7 9 1 | 3 7 1 9 8 4 5 2 6 | 9 6 5 7 2 1 8 4 3 |,1,
11,9,17, _ _ _ _ _ 3 _ _ _ | _ _ _ _ _ _ _ _ _ | 4 _ _ _ 8 _ 1 2 _ | _ _ _ _ _ 5 8 _ _ | _ _ _ _ 9 _ 2 _ 4 | 7 _ _ _ _ _ _ _ _ | _ 3 _ _ _ _ _ _ _ | 6 _ 2 9 _ _ 7 _ 3 | _ _ _ _ _ _ _ _ _ |,0.009391, 1 2 5 4 6 3 9 7 8 | 8 6 7 1 2 9 3 4 5 | 4 9 3 5 8 7 1 2 6 | 2 1 4 6 3 5 8 9 7 | 3 8 6 7 9 1 2 5 4 | 7 5 9 8 4 2 6 3 1 | 5 3 1 2 7 6 4 8 9 | 6 4 2 9 5 8 7 1 3 | 9 7 8 3 1 4 5 6 2 |,1,0.0008895, 5 1 6 2 4 3 9 7 8 | 2 7 8 1 5 9 3 4 6 | 4 9 3 6 8 7 1 2 5 | 1 2 4 3 6 5 8 9 7 | 3 8 5 7 9 1 2 6 4 | 7 6 9 4 2 8 5 3 1 | 9 3 1 8 7 6 4 5 2 | 6 5 2 9 1 4 7 8 3 | 8 4 7 5 3 2 6 1 9 |,1,
12,9,17, _ 7 _ _ _ _ _ _ _ | _ _ _ _ 5 8 _ _ _ | 8 _ 5 _ _ _ _ _ 4 | _ _ _ _ _ _ _ _ _ | _ _ _ _ _ 1 _ 2 5 | _ _ _ _ _ _ _ _ _ | _ _ _ 7 _ 2 _ _ _ | 6 _ _ 9 _ _ _ 1 2 | _ _ _ _ _ _ 4 8 _ |,0.0042313, 1 7 2 3 4 6 5 9 8 | 3 4 9 1 5 8 2 6 7 | 8 6 5 2 7 9 1 3 4 | 2 1 3 5 6 7 8 4 9 | 7 8 6 4 9 1 3 2 5 | 5 9 4 8 2 3 6 7 1 | 4 3 1 7 8 2 9 5 6 | 6 5 8 9 3 4 7 1 2 | 9 2 7 6 1 5 4 8 3 |,1,0.0030874, 1 7 2 3 4 6 5 9 8 | 3 4 9 1 5 8 2 6 7 | 8 6 5 2 7 9 1 3 4 | 2 1 3 5 6 7 8 4 9 | 7 8 6 4 9 1 3 2 5 | 5 9 4 8 2 3 6 7 1 | 4 3 1 7 8 2 9 5 6 | 6 5 8 9 3 4 7 1 2 | 9 2 7 6 1 5 4 8 3 |,1,
13,9,17, _ _ _ _ _ _ _ _ _ | _ _ _ _ _ _ 2 _ _ | _ _ 2 _ 7 _ _ _ _ | _ 2 _ _ _ 6 8 _ _ | _ 4 5 _ _ _ _ 1 _ | _ _ _ _ 1 _ _ _ _ | _ 1 _ _ _ _ _ _ 4 | _ _ 7 _ _ 2 _ _ _ | 9 _ _ 6 _ _ 7 _ _ |,0.0021819, 1 3 4 2 5 8 6 7 9 | 5 7 8 1 6 9 2 4 3 | 6 9 2 3 7 4 1 5 8 | 7 2 1 4 9 6 8 3 5 | 3 4 5 8 2 7 9 1 6 | 8 6 9 5 1 3 4 2 7 | 2 1 6 7 8 5 3 9 4 | 4 8 7 9 3 2 5 6 1 | 9 5 3 6 4 1 7 8 2 |,1,0.0013428, 4 3 1 2 5 8 6 7 9 | 5 7 8 1 6 9 2 4 3 | 6 9 2 3 7 4 1 5 8 | 1 2 3 5 4 6 8 9 7 | 8 4 5 9 2 7 3 1 6 | 7 6 9 8 1 3 4 2 5 | 2 1 6 7 3 5 9 8 4 | 3 8 7 4 9 2 5 6 1 | 9 5 4 6 8 1 7 3 2 |,1,
14,9,17, _ 2 _ _ 5 _ _ 8 9 | _ _ _ _ _ 8 _ _ _ | _ _ _ _ _ _ _ 2 _ | _ _ 6 _ _ _ _ 9 7 | 3 4 7 8 _ _ _ _ _ | _ _ _ 2 _ _ 4 _ _ | _ _ _ _ _ _ _ _ _ | _ _ _ _ _ _ _ _ 4 | _ _ _ _ _ _ _ 5 _ |,0.0166347, 1 2 3 4 5 6 7 8 9 | 5 6 9 7 2 8 1 4 3 | 4 7 8 1 3 9 5 2 6 | 2 1 6 3 4 5 8 9 7 | 3 4 7 8 9 1 2 6 5 | 8 9 5 2 6 7 4 3 1 | 6 3 2 5 7 4 9 1 8 | 9 5 1 6 8 2 3 7 4 | 7 8 4 9 1 3 6 5 2 |,1,0.0006848, 4 2 1 3 5 6 7 8 9 | 5 3 9 7 2 8 1 4 6 | 6 7 8 1 4 9 3 2 5 | 2 1 6 4 3 5 8 9 7 | 3 4 7 8 9 1 5 6 2 | 8 9 5 2 6 7 4 1 3 | 1 5 2 6 7 4 9 3 8 | 9 8 3 5 1 2 6 7 4 | 7 6 4 9 8 3 2 5 1 |,1,
15,9,17, _ _ 4 1 2 _ 6 _ _ | _ _ 7 _ 4 _ _ _ _ | _ _ _ _ _ _ 2 _ _ | _ _ _ _ _ _ _ 9 6 | 3 _ _ _ _ _ _ _ _ | _ _ _ 4 _ _ _ _ _ | 2 _ 5 _ _ _ _ _ _ | _ _ _ _ _ _ 5 _ 2 | _ _ _ _ _ 2 _ 4 _ |,0.0163766, 5 3 4 1 2 7 6 8 9 | 6 2 7 8 4 9 1 3 5 | 1 8 9 3 5 6 2 7 4 | 4 1 2 7 3 5 8 9 6 | 3 7 6 2 9 8 4 5 1 | 9 5 8 4 6 1 3 2 7 | 2 4 5 9 1 3 7 6 8 | 7 9 3 6 8 4 5 1 2 | 8 6 1 5 7 2 9 4 3 |,1,0.0021517, 9 3 4 1 2 5 6 7 8 | 1 2 7 6 4 8 3 5 9 | 5 6 8 3 7 9 2 1 4 | 4 1 2 5 8 3 7 9 6 | 3 7 6 2 9 1 4 8 5 | 8 5 9 4 6 7 1 2 3 | 2 4 5 8 1 6 9 3 7 | 7 8 1 9 3 4 5 6 2 | 6 9 3 7 5 2 8 4 1 |,1,
16,9,17, _ _ _ _ _ _ _ _ _ | 7 _ _ 1 _ 9 _ _ 8 | _ _ _ 4 _ _ _ _ _ | _ _ 3 _ _ _ 8 _ _ | _ _ _ _ _ _ _ 3 _ | _ _ _ _ _ _ _ _ _ | 2 _ _ 7 8 _ _ _ _ | _ 7 9 6 _ _ _ _ 2 | _ _ _ _ 5 _ _ _ 3 |,0.770687, 1 2 4 3 6 8 5 7 9 | 7 5 6 1 2 9 3 4 8 | 3 9 8 4 7 5 1 2 6 | 4 1 3 2 9 7 8 6 5 | 5 6 2 8 4 1 9 3 7 | 9 8 7 5 3 6 2 1 4 | 2 3 5 7 8 4 6 9 1 | 8 7 9 6 1 3 4 5 2 | 6 4 1 9 5 2 7 8 3 |,1,0.287216, 3 1 2 5 6 8 4 7 9 | 7 4 5 1 2 9 3 6 8 | 6 9 8 4 3 7 2 1 5 | 1 5 3 2 7 6 8 9 4 | 4 2 7 8 9 5 6 3 1 | 9 8 6 3 1 4 5 2 7 | 2 3 4 7 8 1 9 5 6 | 5 7 9 6 4 3 1 8 2 | 8 6 1 9 5 2 7 4 3 |,1,
17,9,17, _ 4 2 _ _ _ 7 _ _ | _ _ _ _ _ _ _ 3 _ | _ 7 _ 5 _ 9 2 _ _ | _ _ _ _ _ _ 6 _ 7 | _ _ _ _ 9 _ _ _ _ | _ _ _ _ _ _ _ _ _ | 2 _ 4 _ _ 5 9 _ _ | _ _ _ _ 1 _ _ _ _ | _ _ _ _ _ _ _ 1 _ |,0.0347054, 1 4 2 3 6 8 7 5 9 | 5 6 9 1 2 7 4 3 8 | 3 7 8 5 4 9 2 6 1 | 4 2 1 8 5 3 6 9 7 | 6 3 7 2 9 1 8 4 5 | 8 9 5 4 7 6 1 2 3 | 2 1 4 7 3 5 9 8 6 | 9 8 3 6 1 2 5 7 4 | 7 5 6 9 8 4 3 1 2 |,1,0.028693, 3 4 2 1 6 8 7 5 9 | 1 5 9 2 4 7 8 3 6 | 6 7 8 5 3 9 2 4 1 | 4 2 1 8 5 3 6 9 7 | 5 3 7 6 9 2 1 8 4 | 8 9 6 4 7 1 3 2 5 | 2 1 4 7 8 5 9 6 3 | 9 8 5 3 1 6 4 7 2 | 7 6 3 9 2 4 5 1 8 |,1,
18,9,17, _ _ _ _ _ _ _ 7 _ | _ 9 5 _ _ _ _ _ _ | _ _ _ _ 8 _ _ 4 _ | _ _ _ _ _ 7 _ 9 _ | _ _ _ _ _ _ _ 1 2 | _ 7 _ _ _ _ _ _ _ | _ _ 2 _ _ _ _ _ _ | _ _ _ 9 2 1 _ _ _ | _ 6 _ _ 7 _ _ 2 _ |,0.026489, 1 2 4 3 5 6 8 7 9 | 8 9 5 7 1 4 2 3 6 | 6 3 7 2 8 9 1 4 5 | 2 1 3 8 6 7 5 9 4 | 4 8 6 5 9 3 7 1 2 | 5 7 9 1 4 2 6 8 3 | 7 4 2 6 3 8 9 5 1 | 3 5 8 9 2 1 4 6 7 | 9 6 1 4 7 5 3 2 8 |,1,0.0010584, 8 1 3 2 4 5 6 7 9 | 4 9 5 7 1 6 2 3 8 | 6 2 7 3 8 9 1 4 5 | 2 3 1 4 5 7 8 9 6 | 5 4 6 8 9 3 7 1 2 | 9 7 8 1 6 2 3 5 4 | 1 5 2 6 3 4 9 8 7 | 7 8 4 9 2 1 5 6 3 | 3 6 9 5 7 8 4 2 1 |,1,
19,9,17, _ _ _ _ _ _ _ 6 _ | _ _ _ 3 _ _ _ _ 9 | _ _ 2 _ _ _ _ _ _ | _ 1 _ _ _ _ _ _ _ | _ _ _ _ _ _ 2 _ _ | 8 7 _ 2 _ 6 _ _ _ | _ _ _ _ _ 3 _ _ 4 | _ 3 _ 9 8 2 _ _ _ | _ _ _ 7 _ _ _ _ _ |,0.0056717, 1 4 3 5 2 9 7 6 8 | 5 6 7 3 1 8 4 2 9 | 9 8 2 4 6 7 1 3 5 | 2 1 6 8 3 5 9 4 7 | 3 5 9 1 7 4 2 8 6 | 8 7 4 2 9 6 5 1 3 | 7 2 1 6 5 3 8 9 4 | 4 3 5 9 8 2 6 7 1 | 6 9 8 7 4 1 3 5 2 |,1,0.0013102, 7 4 1 5 2 9 3 6 8 | 5 6 8 3 1 4 7 2 9 | 3 9 2 6 7 8 1 4 5 | 2 1 3 4 5 7 8 9 6 | 6 5 4 8 9 1 2 7 3 | 8 7 9 2 3 6 4 5 1 | 9 2 7 1 6 3 5 8 4 | 4 3 5 9 8 2 6 1 7 | 1 8 6 7 4 5 9 3 2 |,1,
20,9,17, _ _ _ _ _ _ _ _ _ | _ _ _ 2 _ _ _ _ _ | _ _ _ _ 7 _ _ _ 6 | 1 _ 3 _ 5 _ _ _ _ | _ _ _ _ _ _ _ 1 _ | 7 _ _ _ _ 2 _ _ _ | _ 7 _ _ _ _ _ _ 1 | _ 1 _ _ _ 3 7 _ 4 | _ 9 _ _ _ _ 6 _ _ |,0.002339, 2 3 1 4 6 5 8 7 9 | 4 6 7 2 8 9 1 3 5 | 5 8 9 3 7 1 2 4 6 | 1 2 3 6 5 4 9 8 7 | 9 4 6 7 3 8 5 1 2 | 7 5 8 1 9 2 4 6 3 | 8 7 2 9 4 6 3 5 1 | 6 1 5 8 2 3 7 9 4 | 3 9 4 5 1 7 6 2 8 |,1,0.0017416, 2 3 1 4 6 5 8 7 9 | 4 6 7 2 8 9 1 3 5 | 5 8 9 3 7 1 2 4 6 | 1 2 3 6 5 4 9 8 7 | 9 4 6 7 3 8 5 1 2 | 7 5 8 1 9 2 4 6 3 | 8 7 2 9 4 6 3 5 1 | 6 1 5 8 2 3 7 9 4 | 3 9 4 5 1 7 6 2 8 |,1,
21,9,17, 8 _ _ _ _ _ _ _ 9 | _ _ _ _ _ _ _ _ _ | _ _ _ 5 _ _ _ _ _ | _ _ _ _ _ _ _ 9 _ | 4 _ 5 _ _ _ _ _ 1 | _ _ _ 3 1 2 _ 4 _ | _ _ _ _ _ _ _ 6 4 | _ _ _ 9 _ _ _ 8 _ | _ _ _ _ _ _ _ 1 5 |,9.88645, 8 1 2 4 3 7 6 5 9 | 3 5 4 2 6 9 1 7 8 | 6 7 9 5 8 1 4 2 3 | 1 2 3 6 4 5 8 9 7 | 4 6 5 7 9 8 2 3 1 | 7 9 8 3 1 2 5 4 6 | 2 8 7 1 5 3 9 6 4 | 5 4 1 9 7 6 3 8 2 | 9 3 6 8 2 4 7 1 5 |,1,0.0006647, 8 5 1 2 3 4 6 7 9 | 2 3 4 6 7 9 1 5 8 | 6 7 9 5 8 1 4 2 3 | 1 2 3 4 5 6 8 9 7 | 4 6 5 7 9 8 2 3 1 | 7 9 8 3 1 2 5 4 6 | 3 8 7 1 2 5 9 6 4 | 5 1 6 9 4 3 7 8 2 | 9 4 2 8 6 7 3 1 5 |,1,
22,9,17, _ 2 _ _ _ _ _ _ _ | _ _ _ _ _ _ 3 _ _ | _ _ _ _ 6 _ 1 _ 5 | _ _ _ _ _ _ _ _ _ | _ _ _ _ 9 1 2 5 _ | _ _ _ _ _ 3 _ 6 _ | _ _ 5 _ 3 _ _ _ _ | _ _ _ _ _ _ _ _ 2 | 9 7 _ 5 _ _ _ _ _ |,0.0047121, 1 2 3 4 5 7 6 8 9 | 4 5 6 1 8 9 3 2 7 | 7 8 9 3 6 2 1 4 5 | 2 3 1 6 4 5 7 9 8 | 6 4 7 8 9 1 2 5 3 | 5 9 8 7 2 3 4 6 1 | 8 1 5 2 3 4 9 7 6 | 3 6 4 9 7 8 5 1 2 | 9 7 2 5 1 6 8 3 4 |,1,0.0003175, 6 2 1 3 4 5 7 8 9 | 4 5 7 1 8 9 3 2 6 | 3 8 9 2 6 7 1 4 5 | 1 3 2 4 5 6 8 9 7 | 7 4 6 8 9 1 2 5 3 | 5 9 8 7 2 3 4 6 1 | 2 1 5 6 3 8 9 7 4 | 8 6 3 9 7 4 5 1 2 | 9 7 4 5 1 2 6 3 8 |,1,
23,9,17, _ _ _ _ _ _ _ _ 8 | _ _ _ _ _ _ _ _ _ | 8 4 3 _ 7 _ 1 _ _ | _ _ 4 _ _ _ 8 _ _ | _ _ _ _ _ _ _ 1 _ | _ _ 8 _ _ _ _ _ _ | _ _ 1 _ _ 2 _ _ _ | _ _ _ _ 6 _ 4 8 _ | _ _ _ _ _ 1 _ _ 2 |,0.0045317, 1 2 5 3 4 6 7 9 8 | 6 7 9 1 2 8 3 4 5 | 8 4 3 5 7 9 1 2 6 | 2 1 4 6 3 5 8 7 9 | 5 3 6 8 9 7 2 1 4 | 7 9 8 2 1 4 5 6 3 | 3 6 1 4 8 2 9 5 7 | 9 5 2 7 6 3 4 8 1 | 4 8 7 9 5 1 6 3 2 |,1,0.0004468, 9 1 2 3 4 5 6 7 8 | 5 6 7 1 2 8 3 4 9 | 8 4 3 6 7 9 1 2 5 | 1 2 4 5 3 6 8 9 7 | 3 5 6 8 9 7 2 1 4 | 7 9 8 2 1 4 5 3 6 | 4 8 1 7 5 2 9 6 3 | 2 7 5 9 6 3 4 8 1 | 6 3 9 4 8 1 7 5 2 |,1,
24,9,17, _ _ _ _ _ _ _ _ _ | _ 3 _ _ _ _ 1 _ _ | _ 1 _ 4 _ _ _ _ _ | _ _ _ _ _ 7 _ 9 6 | 5 _ _ _ _ _ 7 1 _ | _ _ _ _ _ 1 _ _ 5 | _ _ _ _ _ _ _ 8 _ | _ 8 _ 9 _ _ 6 3 _ | _ _ _ _ _ _ _ _ _ |,0.0168863, 2 4 5 1 3 6 8 7 9 | 6 3 7 2 8 9 1 5 4 | 8 1 9 4 7 5 2 6 3 | 1 2 8 5 4 7 3 9 6 | 5 6 4 3 9 2 7 1 8 | 9 7 3 8 6 1 4 2 5 | 4 5 1 6 2 3 9 8 7 | 7 8 2 9 5 4 6 3 1 | 3 9 6 7 1 8 5 4 2 |,1,0.0024625, 8 2 4 1 3 5 9 6 7 | 6 3 5 2 7 9 1 4 8 | 7 1 9 4 6 8 2 5 3 | 1 4 2 5 8 7 3 9 6 | 5 6 8 3 9 2 7 1 4 | 9 7 3 6 4 1 8 2 5 | 3 5 1 7 2 6 4 8 9 | 2 8 7 9 5 4 6 3 1 | 4 9 6 8 1 3 5 7 2 |,1,
25,9,17, _ _ _ _ _ _ _ 8 _ | _ _ 2 _ _ _ _ _ _ | _ _ _ _ _ _ 1 2 _ | _ 2 _ 4 _ _ 7 _ _ | _ _ _ _ 9 _ _ 3 6 | _ _ _ _ _ _ 4 _ _ | _ _ 4 _ _ _ _ _ 3 | _ 6 _ 9 _ 2 _ _ _ | _ _ _ 7 _ _ _ _ _ |,0.0089442, 1 3 5 2 4 6 9 8 7 | 4 7 2 1 8 9 3 6 5 | 6 8 9 3 7 5 1 2 4 | 3 2 6 4 1 8 7 5 9 | 8 4 1 5 9 7 2 3 6 | 9 5 7 6 2 3 4 1 8 | 2 9 4 8 5 1 6 7 3 | 7 6 8 9 3 2 5 4 1 | 5 1 3 7 6 4 8 9 2 |,1,0.0014788, 7 1 3 2 4 5 6 8 9 | 4 8 2 1 6 9 3 5 7 | 5 9 6 3 7 8 1 2 4 | 3 2 5 4 1 6 7 9 8 | 1 4 8 5 9 7 2 3 6 | 6 7 9 8 2 3 4 1 5 | 2 5 4 6 8 1 9 7 3 | 8 6 7 9 3 2 5 4 1 | 9 3 1 7 5 4 8 6 2 |,1,
26,9,17, _ _ _ _ _ _ _ 8 _ | _ 2 _ _ 8 9 3 _ _ | _ _ _ _ _ _ _ _ 4 | _ 3 _ _ 4 _ 8 9 _ | 4 5 _ _ _ _ _ _ _ | _ _ _ 2 _ _ _ 6 _ | _ _ 3 _ _ _ 6 _ _ | 6 _ _ _ _ _ _ _ _ | _ _ _ _ _ _ _ _ _ |,0.873098, 1 4 9 3 2 6 5 8 7 | 5 2 7 4 8 9 3 1 6 | 3 6 8 1 5 7 9 2 4 | 7 3 2 6 4 1 8 9 5 | 4 5 6 8 9 3 1 7 2 | 8 9 1 2 7 5 4 6 3 | 2 7 3 5 1 8 6 4 9 | 6 1 4 9 3 2 7 5 8 | 9 8 5 7 6 4 2 3 1 |,1,0.0005059, 3 1 4 5 2 6 7 8 9 | 5 2 7 4 8 9 3 1 6 | 8 6 9 1 3 7 2 5 4 | 1 3 2 6 4 5 8 9 7 | 4 5 6 7 9 8 1 2 3 | 7 9 8 2 1 3 4 6 5 | 2 4 3 9 5 1 6 7 8 | 6 8 5 3 7 2 9 4 1 | 9 7 1 8 6 4 5 3 2 |,1,
27,9,17, _ _ 7 _ _ _ _ _ _ | _ 4 _ _ 5 _ _ 7 _ | 2 _ _ _ _ _ _ _ _ | _ 1 _ 5 _ _ _ _ _ | _ _ _ 2 _ _ _ _ 7 | _ _ _ _ _ _ 3 _ 5 | _ _ 1 _ _ _ _ _ _ | _ 7 _ _ _ 3 _ _ _ | _ 3 _ _ _ _ 7 _ 1 |,0.0013056, 1 5 7 3 2 4 6 8 9 | 3 4 6 8 5 9 1 7 2 | 2 8 9 1 6 7 4 5 3 | 4 1 3 5 7 8 2 9 6 | 6 9 5 2 3 1 8 4 7 | 7 2 8 4 9 6 3 1 5 | 5 6 1 7 4 2 9 3 8 | 8 7 2 9 1 3 5 6 4 | 9 3 4 6 8 5 7 2 1 |,1,0.0004672, 3 5 7 1 2 4 6 8 9 | 1 4 6 8 5 9 2 7 3 | 2 8 9 3 6 7 1 5 4 | 4 1 3 5 7 6 8 9 2 | 5 9 8 2 3 1 4 6 7 | 7 6 2 4 9 8 3 1 5 | 6 2 1 7 4 5 9 3 8 | 8 7 4 9 1 3 5 2 6 | 9 3 5 6 8 2 7 4 1 |,1,
28,9,17, 6 1 _ _ 4 _ _ _ _ | _ _ _ _ 7 _ _ _ _ | 8 _ _ _ 6 _ _ 3 5 | _ _ 3 4 _ _ 8 _ _ | 4 5 _ _ _ _ _ _ 2 | _ 6 _ 7 _ _ _ _ _ | _ _ _ _ _ _ _ _ _ | _ _ _ _ _ _ _ _ _ | 7 _ _ _ _ _ _ _ _ |,0.000546, 6 1 2 3 4 5 7 8 9 | 3 4 5 8 7 9 1 2 6 | 8 7 9 1 6 2 4 3 5 | 1 2 3 4 5 6 8 9 7 | 4 5 7 9 1 8 3 6 2 | 9 6 8 7 2 3 5 1 4 | 2 3 1 5 9 4 6 7 8 | 5 8 6 2 3 7 9 4 1 | 7 9 4 6 8 1 2 5 3 |,1,0.0005464, 6 1 2 3 4 5 7 8 9 | 3 4 5 8 7 9 1 2 6 | 8 7 9 1 6 2 4 3 5 | 1 2 3 4 5 6 8 9 7 | 4 5 7 9 1 8 3 6 2 | 9 6 8 7 2 3 5 1 4 | 2 3 1 5 9 4 6 7 8 | 5 8 6 2 3 7 9 4 1 | 7 9 4 6 8 1 2 5 3 |,1,
29,9,17, 1 _ _ 2 _ 4 _ _ _ | 7 4 5 _ _ _ _ _ _ | _ _ _ _ 7 _ _ _ _ | 3 _ 2 _ _ _ _ _ 7 | _ _ _ _ 9 _ _ _ _ | _ 7 _ _ _ _ _ _ _ | 5 _ _ _ _ _ _ _ _ | _ _ _ _ 8 _ _ 2 4 | _ _ _ 7 _ _ _ _ _ |,0.0131434, 1 3 6 2 5 4 7 8 9 | 7 4 5 8 1 9 2 3 6 | 2 8 9 3 7 6 1 4 5 | 3 5 2 1 4 8 6 9 7 | 8 6 4 5 9 7 3 1 2 | 9 7 1 6 3 2 4 5 8 | 5 2 8 4 6 1 9 7 3 | 6 1 7 9 8 3 5 2 4 | 4 9 3 7 2 5 8 6 1 |,1,0.0017717, 1 8 3 2 5 4 6 7 9 | 7 4 5 1 6 9 2 3 8 | 2 6 9 3 7 8 1 4 5 | 3 5 2 4 1 6 8 9 7 | 4 1 6 8 9 7 3 5 2 | 9 7 8 5 2 3 4 1 6 | 5 2 7 6 4 1 9 8 3 | 6 3 1 9 8 5 7 2 4 | 8 9 4 7 3 2 5 6 1 |,1,
30,9,17, _ 4 _ _ _ _ _ 7 8 | _ _ _ _ _ _ _ _ _ | 1 _ _ _ 7 8 _ _ _ | 2 _ _ _ _ _ _ _ _ | _ _ _ 8 _ 1 _ _ _ | _ _ _ _ _ 7 _ _ _ | _ _ _ 6 _ _ _ _ _ | _ _ 1 7 _ _ _ _ _ | _ 7 _ _ 3 _ 6 _ 1 |,0.0108622, 3 4 2 1 5 6 9 7 8 | 5 8 7 2 4 9 1 3 6 | 1 6 9 3 7 8 2 4 5 | 2 1 4 5 6 3 7 8 9 | 7 3 5 8 9 1 4 6 2 | 8 9 6 4 2 7 5 1 3 | 9 2 3 6 1 4 8 5 7 | 6 5 1 7 8 2 3 9 4 | 4 7 8 9 3 5 6 2 1 |,1,0.0030475, 5 4 2 1 6 3 9 7 8 | 3 8 7 2 4 9 1 5 6 | 1 6 9 5 7 8 2 3 4 | 2 1 3 4 5 6 7 8 9 | 7 5 4 8 9 1 3 6 2 | 8 9 6 3 2 7 4 1 5 | 9 3 5 6 1 2 8 4 7 | 6 2 1 7 8 4 5 9 3 | 4 7 8 9 3 5 6 2 1 |,1,
31,9,17, _ _ _ _ _ _ _ _ _ | _ 7 _ 3 _ _ _ _ _ | _ 6 _ _ _ _ _ _ _ | _ 1 _ _ _ _ 8 9 7 | _ _ _ _ _ _ _ _ _ | _ _ _ _ _ _ _ _ _ | _ _ _ _ 8 1 9 6 _ | _ 4 _ 9 5 _ 7 _ 3 | _ _ _ _ _ _ _ 2 _ |,29.7585, 1 2 3 4 6 8 5 7 9 | 4 7 5 3 2 9 6 1 8 | 8 6 9 1 7 5 3 4 2 | 2 1 4 5 3 6 8 9 7 | 3 8 6 2 9 7 4 5 1 | 9 5 7 8 1 4 2 3 6 | 5 3 2 7 8 1 9 6 4 | 6 4 1 9 5 2 7 8 3 | 7 9 8 6 4 3 1 2 5 |,1,0.0021685, 9 2 1 4 6 5 3 7 8 | 4 7 5 3 2 8 6 1 9 | 3 6 8 1 7 9 2 4 5 | 2 1 3 5 4 6 8 9 7 | 6 5 4 8 9 7 1 3 2 | 7 8 9 2 1 3 4 5 6 | 5 3 2 7 8 1 9 6 4 | 1 4 6 9 5 2 7 8 3 | 8 9 7 6 3 4 5 2 1 |,1,
32,9,17, _ _ _ _ _ 4 _ _ _ | _ _ 8 _ _ _ _ _ 9 | _ _ 2 _ _ _ _ _ _ | _ _ _ 4 _ _ _ _ _ | _ _ 6 _ _ _ _ _ _ | 7 _ _ _ _ 3 _ 5 6 | _ _ _ _ _ _ 9 8 _ | _ _ _ _ _ 2 _ 6 _ | _ 5 _ _ _ _ _ 3 2 |,0.0007054, 1 3 5 2 9 4 6 7 8 | 4 6 8 1 3 7 5 2 9 | 9 7 2 5 6 8 1 4 3 | 2 1 3 4 5 6 8 9 7 | 5 8 6 7 2 9 3 1 4 | 7 4 9 8 1 3 2 5 6 | 3 2 4 6 7 5 9 8 1 | 8 9 1 3 4 2 7 6 5 | 6 5 7 9 8 1 4 3 2 |,1,0.0006849, 3 1 5 2 9 4 6 7 8 | 4 6 8 1 3 7 5 2 9 | 9 7 2 5 6 8 1 4 3 | 1 2 3 4 5 6 8 9 7 | 5 8 6 7 2 9 3 1 4 | 7 4 9 8 1 3 2 5 6 | 2 3 4 6 7 5 9 8 1 | 8 9 1 3 4 2 7 6 5 | 6 5 7 9 8 1 4 3 2 |,1,
33,9,17, _ _ _ _ _ _ _ _ 9 | _ _ _ _ _ _ 1 _ _ | _ _ _ _ _ 9 _ 3 4 | _ _ _ _ 5 6 7 _ _ | _ _ _ _ 9 1 _ _ _ | 6 _ _ _ 3 _ _ 1 _ | _ 1 _ 7 _ _ _ _ _ | _ _ _ _ _ _ _ _ _ | _ _ _ _ _ _ 5 7 _ |,5.25779, 1 2 3 5 7 4 6 8 9 | 4 6 9 3 2 8 1 5 7 | 5 7 8 1 6 9 2 3 4 | 2 3 1 4 5 6 7 9 8 | 7 8 4 2 9 1 3 6 5 | 6 9 5 8 3 7 4 1 2 | 3 1 2 7 8 5 9 4 6 | 9 5 7 6 4 3 8 2 1 | 8 4 6 9 1 2 5 7 3 |,1,0.0160024, 7 2 1 3 4 5 6 8 9 | 3 4 9 6 2 8 1 5 7 | 5 6 8 1 7 9 2 3 4 | 1 3 4 2 5 6 7 9 8 | 8 5 7 4 9 1 3 2 6 | 6 9 2 8 3 7 4 1 5 | 2 1 5 7 8 4 9 6 3 | 9 7 3 5 6 2 8 4 1 | 4 8 6 9 1 3 5 7 2 |,1,
34,9,17, 1 _ _ _ 4 _ _ _ _ | _ _ _ _ _ 6 _ _ _ | _ _ 6 _ _ _ _ 3 5 | 2 _ _ 3 _ _ _ _ 6 | _ _ _ _ _ _ _ _ _ | _ 9 _ _ 1 _ 3 _ 4 | _ _ _ 8 _ _ _ _ _ | _ _ _ _ _ _ _ _ 8 | _ 8 _ _ _ _ _ 6 _ |,0.0012311, 1 2 3 5 4 7 6 8 9 | 4 5 8 9 3 6 1 2 7 | 9 7 6 1 2 8 4 3 5 | 2 1 4 3 5 9 8 7 6 | 3 6 5 7 8 4 2 9 1 | 8 9 7 6 1 2 3 5 4 | 5 4 9 8 6 3 7 1 2 | 6 3 1 2 7 5 9 4 8 | 7 8 2 4 9 1 5 6 3 |,1,0.0007929, 1 3 2 5 4 7 6 8 9 | 4 5 8 9 3 6 1 2 7 | 9 7 6 1 2 8 4 3 5 | 2 1 4 3 5 9 8 7 6 | 3 6 5 7 8 4 2 9 1 | 8 9 7 6 1 2 3 5 4 | 5 2 9 8 6 1 7 4 3 | 6 4 3 2 7 5 9 1 8 | 7 8 1 4 9 3 5 6 2 |,1,
35,9,17, _ _ _ 2 _ 5 _ _ _ | _ _ 7 1 _ _ _ _ _ | _ _ _ _ _ _ _ _ 4 | _ _ 2 _ _ 6 8 _ 7 | _ _ 6 _ _ _ _ _ _ | 7 _ _ _ _ _ 4 _ _ | _ _ _ _ 6 _ _ 7 8 | _ _ _ 9 _ _ _ _ _ | _ _ _ 7 _ _ _ _ _ |,0.0026474, 1 3 4 2 7 5 6 8 9 | 6 8 7 1 4 9 2 3 5 | 2 5 9 6 3 8 7 1 4 | 3 1 2 4 5 6 8 9 7 | 5 4 6 8 9 7 1 2 3 | 7 9 8 3 1 2 4 5 6 | 4 2 1 5 6 3 9 7 8 | 8 7 3 9 2 4 5 6 1 | 9 6 5 7 8 1 3 4 2 |,1,0.0008908, 6 1 3 2 4 5 7 8 9 | 2 4 7 1 8 9 3 5 6 | 5 8 9 6 3 7 1 2 4 | 1 3 2 4 5 6 8 9 7 | 4 9 6 8 7 1 2 3 5 | 7 5 8 3 9 2 4 6 1 | 3 2 1 5 6 4 9 7 8 | 8 7 5 9 1 3 6 4 2 | 9 6 4 7 2 8 5 1 3 |,1,
36,9,17, _ _ _ _ _ _ _ _ 9 | _ 2 _ _ _ _ _ _ _ | _ _ _ _ _ _ 1 _ _ | _ _ _ 4 5 _ _ _ _ | _ _ _ _ _ _ _ _ _ | 8 _ _ 3 _ _ _ _ _ | 2 1 _ _ 8 _ _ _ 3 | _ 7 _ _ 1 _ 8 _ 2 | _ _ 3 _ 2 _ _ _ _ |,4.91488, 1 3 4 2 6 5 7 8 9 | 7 2 8 1 4 9 3 5 6 | 5 6 9 7 3 8 1 2 4 | 3 9 1 4 5 2 6 7 8 | 6 4 2 8 7 1 9 3 5 | 8 5 7 3 9 6 2 4 1 | 2 1 5 9 8 7 4 6 3 | 4 7 6 5 1 3 8 9 2 | 9 8 3 6 2 4 5 1 7 |,1,0.137397, 7 3 1 2 4 5 6 8 9 | 4 2 6 1 9 8 3 5 7 | 5 9 8 6 3 7 1 2 4 | 1 6 2 4 5 9 7 3 8 | 3 4 7 8 6 1 2 9 5 | 8 5 9 3 7 2 4 1 6 | 2 1 4 5 8 6 9 7 3 | 6 7 5 9 1 3 8 4 2 | 9 8 3 7 2 4 5 6 1 |,1,
37,9,17, _ 7 _ _ 3 _ _ _ _ | _ _ _ 1 _ _ _ _ _ | _ _ _ _ _ _ _ _ _ | 4 1 2 _ _ _ 8 _ _ | _ 3 _ _ _ _ _ 1 _ | _ _ _ _ _ _ 3 _ 6 | _ _ _ _ 4 3 _ _ _ | _ _ 5 _ _ _ _ _ _ | _ _ _ _ 2 6 7 _ _ |,0.0536627, 1 7 4 2 3 5 6 8 9 | 2 5 6 1 9 8 4 3 7 | 3 8 9 6 7 4 1 5 2 | 4 1 2 3 6 9 8 7 5 | 6 3 7 8 5 2 9 1 4 | 5 9 8 4 1 7 3 2 6 | 7 2 1 9 4 3 5 6 8 | 9 6 5 7 8 1 2 4 3 | 8 4 3 5 2 6 7 9 1 |,1,0.0055462, 6 7 1 2 3 4 5 8 9 | 2 4 8 1 5 9 6 3 7 | 5 9 3 6 7 8 1 2 4 | 4 1 2 3 6 7 8 9 5 | 7 3 6 8 9 5 4 1 2 | 8 5 9 4 1 2 3 7 6 | 1 2 7 5 4 3 9 6 8 | 9 6 5 7 8 1 2 4 3 | 3 8 4 9 2 6 7 5 1 |,1,
38,9,17, _ 5 _ _ _ _ _ _ 9 | 7 _ _ _ _ _ _ _ _ | _ _ _ _ 6 _ _ _ _ | 2 _ _ _ _ _ 8 9 _ | _ _ _ 7 _ _ 3 _ _ | _ _ 7 _ _ _ _ _ _ | _ _ _ 6 4 2 _ 7 8 | _ 4 _ _ _ _ _ _ _ | _ _ _ _ _ _ _ 4 _ |,64.742, 1 5 3 2 7 4 6 8 9 | 7 2 6 1 8 9 4 3 5 | 4 8 9 3 6 5 7 1 2 | 2 1 4 5 3 6 8 9 7 | 5 6 8 7 9 1 3 2 4 | 3 9 7 4 2 8 1 5 6 | 9 3 1 6 4 2 5 7 8 | 8 4 5 9 1 7 2 6 3 | 6 7 2 8 5 3 9 4 1 |,1,0.0005362, 6 5 1 2 3 4 7 8 9 | 7 2 3 1 8 9 4 5 6 | 4 8 9 5 6 7 1 2 3 | 2 1 4 3 5 6 8 9 7 | 5 9 8 7 2 1 3 6 4 | 3 6 7 4 9 8 2 1 5 | 1 3 5 6 4 2 9 7 8 | 8 4 2 9 7 5 6 3 1 | 9 7 6 8 1 3 5 4 2 |,1,
39,9,17, _ _ _ _ _ _ _ _ 8 | _ _ _ _ _ _ 1 _ _ | _ _ _ _ _ _ _ _ _ | _ _ _ _ 4 _ _ _ _ | _ _ _ _ _ _ _ 1 _ | _ _ _ _ _ 1 _ _ _ | _ 2 _ _ 8 _ _ 5 3 | _ _ 5 9 1 _ _ 8 _ | 9 8 4 _ _ _ _ _ 1 |,1.27597, 1 3 2 4 5 6 7 9 8 | 4 5 6 7 9 8 1 3 2 | 8 7 9 1 2 3 4 6 5 | 5 1 7 3 4 9 8 2 6 | 6 4 3 8 7 2 5 1 9 | 2 9 8 5 6 1 3 4 7 | 7 2 1 6 8 4 9 5 3 | 3 6 5 9 1 7 2 8 4 | 9 8 4 2 3 5 6 7 1 |,1,0.0517049, 2 1 3 4 5 6 7 9 8 | 4 5 6 7 9 8 1 3 2 | 7 9 8 1 2 3 4 6 5 | 3 6 1 5 4 9 8 2 7 | 5 4 9 8 7 2 3 1 6 | 8 7 2 3 6 1 5 4 9 | 1 2 7 6 8 4 9 5 3 | 6 3 5 9 1 7 2 8 4 | 9 8 4 2 3 5 6 7 1 |,1,
40,9,17, _ _ 1 2 _ _ _ 8 _ | _ _ 9 _ _ _ _ 4 _ | _ _ _ _ _ _ _ 2 _ | 1 _ 2 4 6 _ _ _ _ | _ _ _ _ _ _ _ _ 3 | 7 _ 5 _ _ _ 4 _ _ | _ _ _ _ _ _ 9 _ _ | _ 7 _ _ _ _ _ _ _ | 9 _ _ _ _ _ _ _ _ |,0.0003535, 3 4 1 2 5 6 7 8 9 | 2 5 9 1 7 8 3 4 6 | 6 8 7 3 4 9 1 2 5 | 1 3 2 4 6 5 8 9 7 | 4 6 8 7 9 1 2 5 3 | 7 9 5 8 2 3 4 6 1 | 5 1 3 6 8 2 9 7 4 | 8 7 6 9 1 4 5 3 2 | 9 2 4 5 3 7 6 1 8 |,1,0.0003561, 3 4 1 2 5 6 7 8 9 | 2 5 9 1 7 8 3 4 6 | 6 8 7 3 4 9 1 2 5 | 1 3 2 4 6 5 8 9 7 | 4 6 8 7 9 1 2 5 3 | 7 9 5 8 2 3 4 6 1 | 5 1 3 6 8 2 9 7 4 | 8 7 6 9 1 4 5 3 2 | 9 2 4 5 3 7 6 1 8 |,1,
41,9,17, _ 4 _ _ 5 _ _ _ _ | 9 _ _ _ _ 7 _ _ _ | _ _ 7 _ _ _ _ _ 5 | _ _ _ _ 4 _ _ _ _ | _ _ _ _ 9 _ _ _ 8 | _ _ _ _ _ _ _ _ _ | 5 _ _ _ _ 3 _ _ 4 | 7 _ _ 9 _ _ _ 6 2 | _ _ _ _ _ _ 5 _ _ |,0.531547, 1 4 2 3 5 6 7 8 9 | 9 3 5 1 8 7 2 4 6 | 8 6 7 4 2 9 1 3 5 | 2 1 9 5 4 8 6 7 3 | 6 5 3 7 9 1 4 2 8 | 4 7 8 6 3 2 9 5 1 | 5 9 6 2 7 3 8 1 4 | 7 8 4 9 1 5 3 6 2 | 3 2 1 8 6 4 5 9 7 |,1,0.0121301, 6 4 1 2 5 8 3 7 9 | 9 2 5 1 3 7 4 8 6 | 3 8 7 4 6 9 1 2 5 | 1 5 2 8 4 6 7 9 3 | 4 7 6 3 9 1 2 5 8 | 8 9 3 5 7 2 6 4 1 | 5 6 8 7 2 3 9 1 4 | 7 3 4 9 1 5 8 6 2 | 2 1 9 6 8 4 5 3 7 |,1,
42,9,17, _ _ _ _ 2 _ 4 6 _ | _ 3 _ _ _ _ _ 7 _ | _ _ _ _ _ _ 2 _ _ | _ _ _ _ _ _ 8 _ _ | _ _ 6 _ 9 _ _ _ _ | _ _ _ _ _ _ 5 _ _ | _ _ 4 _ _ _ _ 8 _ | _ _ _ _ _ 4 _ _ _ | 9 6 8 _ _ _ 7 _ _ |,0.004879, 1 5 7 3 2 8 4 6 9 | 4 3 2 5 6 9 1 7 8 | 6 8 9 1 4 7 2 3 5 | 2 1 5 4 3 6 8 9 7 | 7 4 6 8 9 5 3 2 1 | 8 9 3 7 1 2 5 4 6 | 5 2 4 6 7 1 9 8 3 | 3 7 1 9 8 4 6 5 2 | 9 6 8 2 5 3 7 1 4 |,1,0.0020636, 7 1 5 3 2 8 4 6 9 | 4 3 2 5 6 9 1 7 8 | 6 8 9 1 4 7 2 3 5 | 1 2 3 4 7 5 8 9 6 | 5 4 6 8 9 1 3 2 7 | 8 9 7 6 3 2 5 1 4 | 2 5 4 7 1 6 9 8 3 | 3 7 1 9 8 4 6 5 2 | 9 6 8 2 5 3 7 4 1 |,1,
43,9,17, _ 9 _ _ _ 3 _ 6 _ | _ 4 _ _ _ 9 1 _ _ | _ 2 _ _ _ _ _ _ _ | _ 3 _ _ _ _ 7 _ 8 | 4 _ _ _ _ _ _ _ _ | _ _ 9 _ _ 1 _ _ 5 | _ _ _ _ _ _ _ _ _ | 5 _ _ _ _ _ _ _ _ | _ _ 4 _ _ 2 _ _ _ |,0.0007094, 1 9 5 2 4 3 8 6 7 | 3 4 6 7 8 9 1 5 2 | 7 2 8 1 5 6 3 4 9 | 2 3 1 4 6 5 7 9 8 | 4 5 7 9 2 8 6 1 3 | 6 8 9 3 7 1 4 2 5 | 8 1 3 5 9 4 2 7 6 | 5 6 2 8 1 7 9 3 4 | 9 7 4 6 3 2 5 8 1 |,1,0.00036, 7 9 1 2 5 3 8 6 4 | 3 4 5 6 8 9 1 2 7 | 6 2 8 1 4 7 3 5 9 | 1 3 2 4 6 5 7 9 8 | 4 5 6 7 9 8 2 1 3 | 8 7 9 3 2 1 6 4 5 | 2 1 3 5 7 4 9 8 6 | 5 8 7 9 1 6 4 3 2 | 9 6 4 8 3 2 5 7 1 |,1,
44,9,17, _ 7 _ 1 _ 4 _ _ _ | _ _ _ _ _ _ _ _ _ | 6 3 _ _ 8 _ _ 2 _ | _ _ _ 4 _ 5 7 _ _ | _ 5 6 _ _ _ _ _ _ | 7 _ _ _ _ 2 4 _ _ | _ _ _ _ _ _ 9 _ _ | 8 _ _ _ _ _ _ _ _ | _ _ _ _ _ _ _ _ _ |,0.0042087, 2 7 5 1 3 4 6 8 9 | 1 4 8 2 6 9 3 5 7 | 6 3 9 5 8 7 1 2 4 | 3 9 2 4 1 5 7 6 8 | 4 5 6 3 7 8 2 9 1 | 7 8 1 6 9 2 4 3 5 | 5 1 3 8 4 6 9 7 2 | 8 6 7 9 2 1 5 4 3 | 9 2 4 7 5 3 8 1 6 |,1,0.0008386, 9 7 2 1 3 4 5 6 8 | 1 4 8 2 5 6 3 7 9 | 6 3 5 7 8 9 1 2 4 | 2 1 3 4 9 5 7 8 6 | 4 5 6 3 7 8 2 9 1 | 7 8 9 6 1 2 4 3 5 | 3 2 4 8 6 1 9 5 7 | 8 9 1 5 2 7 6 4 3 | 5 6 7 9 4 3 8 1 2 |,1,
45,9,17, _ _ _ _ _ _ _ _ _ | _ _ _ _ _ 6 _ _ _ | _ _ _ _ _ _ _ _ 6 | _ 1 3 _ _ _ _ _ 8 | _ 5 _ _ _ _ 3 _ _ | _ _ 7 3 _ _ _ 5 _ | 3 _ _ _ _ 8 9 6 _ | _ 6 _ _ _ _ _ _ _ | _ _ _ _ 2 _ 5 _ _ |,0.0137814, 1 2 6 4 3 5 7 8 9 | 4 3 8 7 9 6 1 2 5 | 5 7 9 2 8 1 4 3 6 | 2 1 3 5 4 7 6 9 8 | 9 5 4 8 6 2 3 1 7 | 6 8 7 3 1 9 2 5 4 | 3 4 5 1 7 8 9 6 2 | 7 6 2 9 5 3 8 4 1 | 8 9 1 6 2 4 5 7 3 |,1,0.0028675, 8 2 6 1 3 4 7 9 5 | 1 3 5 7 9 6 2 8 4 | 4 7 9 2 8 5 1 3 6 | 2 1 3 4 5 9 6 7 8 | 6 5 4 8 1 7 3 2 9 | 9 8 7 3 6 2 4 5 1 | 3 4 1 5 7 8 9 6 2 | 5 6 2 9 4 3 8 1 7 | 7 9 8 6 2 1 5 4 3 |,1,
46,9,17, _ _ _ 1 _ _ 5 _ _ | _ _ _ _ _ _ _ 2 _ | 1 8 _ _ _ _ _ _ _ | _ _ 3 _ _ _ _ _ _ | 4 _ _ _ _ _ 2 6 3 | _ _ _ _ _ _ _ _ _ | _ _ _ _ _ 5 _ _ _ | 7 4 1 9 _ _ _ _ _ | _ _ 5 _ _ _ _ _ 1 |,0.0005697, 2 3 4 1 6 7 5 8 9 | 5 6 7 3 8 9 1 2 4 | 1 8 9 2 5 4 3 7 6 | 6 1 3 4 2 8 7 9 5 | 4 7 8 5 9 1 2 6 3 | 9 5 2 6 7 3 4 1 8 | 3 2 6 8 1 5 9 4 7 | 7 4 1 9 3 6 8 5 2 | 8 9 5 7 4 2 6 3 1 |,1,0.0003231, 3 2 4 1 6 7 5 8 9 | 5 6 7 3 8 9 1 2 4 | 1 8 9 2 5 4 3 7 6 | 2 1 3 4 7 6 8 9 5 | 4 7 8 5 9 1 2 6 3 | 9 5 6 8 2 3 4 1 7 | 6 3 2 7 1 5 9 4 8 | 7 4 1 9 3 8 6 5 2 | 8 9 5 6 4 2 7 3 1 |,1,
47,9,17, _ 2 _ _ _ _ _ _ _ | _ _ _ 1 _ _ 3 _ 6 | _ _ _ _ _ 9 _ _ 5 | _ _ _ _ _ _ _ _ 8 | _ _ _ _ 9 _ 2 3 _ | 8 _ _ _ _ 3 _ _ 1 | _ _ _ 6 _ _ _ _ _ | _ _ _ _ _ 4 8 _ _ | _ _ _ _ 1 _ _ _ _ |,0.0098807, 1 2 3 4 5 6 7 8 9 | 4 5 9 1 7 8 3 2 6 | 6 7 8 2 3 9 1 4 5 | 3 1 4 5 6 2 9 7 8 | 7 6 5 8 9 1 2 3 4 | 8 9 2 7 4 3 6 5 1 | 2 4 1 6 8 7 5 9 3 | 5 3 6 9 2 4 8 1 7 | 9 8 7 3 1 5 4 6 2 |,1,0.0002432, 4 2 1 3 5 6 7 8 9 | 5 7 9 1 2 8 3 4 6 | 3 6 8 4 7 9 1 2 5 | 1 3 2 5 4 7 6 9 8 | 6 4 5 8 9 1 2 3 7 | 8 9 7 2 6 3 4 5 1 | 2 1 3 6 8 5 9 7 4 | 7 5 6 9 3 4 8 1 2 | 9 8 4 7 1 2 5 6 3 |,1,
48,9,17, _ _ _ 3 _ 5 _ _ _ | 7 _ _ _ _ 6 _ 5 8 | _ _ _ _ _ 9 _ _ _ | 1 _ _ _ _ _ _ _ _ | _ _ 4 _ 9 _ _ 1 _ | _ _ 7 _ _ _ _ 4 _ | _ _ 5 _ _ _ _ _ _ | _ _ _ _ _ _ _ _ _ | _ _ _ _ _ 4 7 3 _ |,0.0005277, 2 1 6 3 8 5 4 7 9 | 7 3 9 1 4 6 2 5 8 | 4 5 8 2 7 9 1 6 3 | 1 2 3 4 5 7 8 9 6 | 5 6 4 8 9 2 3 1 7 | 8 9 7 6 1 3 5 4 2 | 3 4 5 7 6 8 9 2 1 | 9 7 2 5 3 1 6 8 4 | 6 8 1 9 2 4 7 3 5 |,1,0.0004538, 6 1 2 3 8 5 4 7 9 | 7 3 9 1 4 6 2 5 8 | 4 5 8 2 7 9 1 6 3 | 1 2 3 4 5 7 8 9 6 | 5 6 4 8 9 2 3 1 7 | 8 9 7 6 1 3 5 4 2 | 2 7 5 9 3 1 6 8 4 | 3 4 1 7 6 8 9 2 5 | 9 8 6 5 2 4 7 3 1 |,1,
49,9,17, _ _ _ _ _ _ _ _ _ | _ _ _ _ _ 7 _ _ _ | _ 3 7 _ _ _ 2 _ 6 | _ _ 3 _ _ _ _ _ _ | _ 7 5 _ _ 8 _ _ _ | _ _ _ 3 _ _ _ _ _ | _ 5 _ _ _ _ _ _ _ | _ 8 1 _ 3 4 _ _ 2 | _ _ _ _ _ _ _ 1 _ |,0.0052134, 1 2 4 5 6 3 7 8 9 | 5 6 8 2 9 7 1 3 4 | 9 3 7 4 8 1 2 5 6 | 2 1 3 6 4 9 8 7 5 | 4 7 5 1 2 8 6 9 3 | 8 9 6 3 7 5 4 2 1 | 3 5 2 7 1 6 9 4 8 | 7 8 1 9 3 4 5 6 2 | 6 4 9 8 5 2 3 1 7 |,1,0.0031228, 5 1 2 4 6 3 7 8 9 | 4 6 8 2 9 7 1 3 5 | 9 3 7 1 8 5 2 4 6 | 1 2 3 5 4 6 8 9 7 | 6 7 5 9 1 8 4 2 3 | 8 9 4 3 7 2 5 6 1 | 3 5 9 8 2 1 6 7 4 | 7 8 1 6 3 4 9 5 2 | 2 4 6 7 5 9 3 1 8 |,1,
50,9,17, _ _ _ _ _ 3 5 _ _ | _ _ 1 _ _ _ _ _ 9 | 7 _ _ _ 6 9 _ _ _ | _ _ _ _ _ _ _ _ _ | _ _ 5 _ _ _ _ 1 _ | _ 7 _ 2 3 _ _ _ _ | _ _ _ 7 _ _ _ _ _ | _ 3 _ _ _ _ _ _ 1 | _ _ _ _ _ _ 7 _ 5 |,0.0038363, 2 4 9 1 7 3 5 6 8 | 3 6 1 5 2 8 4 7 9 | 7 5 8 4 6 9 1 2 3 | 1 2 3 8 4 5 6 9 7 | 4 8 5 6 9 7 3 1 2 | 9 7 6 2 3 1 8 5 4 | 5 1 2 7 8 4 9 3 6 | 8 3 7 9 5 6 2 4 1 | 6 9 4 3 1 2 7 8 5 |,1,0.0017098, 8 2 9 1 4 3 5 6 7 | 3 6 1 5 2 7 4 8 9 | 7 5 4 8 6 9 1 2 3 | 1 4 3 6 5 8 9 7 2 | 2 8 5 9 7 4 3 1 6 | 9 7 6 2 3 1 8 5 4 | 4 1 2 7 9 5 6 3 8 | 5 3 7 4 8 6 2 9 1 | 6 9 8 3 1 2 7 4 5 |,1,
51,9,17, _ 2 _ _ 3 _ _ 8 9 | _ _ _ _ 5 8 _ _ _ | _ 1 8 _ 7 _ _ _ 5 | _ _ _ _ _ 5 _ _ _ | _ _ _ _ _ _ _ _ 6 | _ 6 9 _ _ _ _ _ _ | _ _ _ _ _ _ _ _ 4 | _ _ _ _ _ _ _ _ _ | _ _ _ 5 _ _ 8 _ _ |,0.0004845, 4 2 5 1 3 6 7 8 9 | 3 7 6 9 5 8 1 4 2 | 9 1 8 2 7 4 3 6 5 | 1 3 2 4 6 5 9 7 8 | 5 4 7 3 8 9 2 1 6 | 8 6 9 7 1 2 4 5 3 | 2 5 1 8 9 7 6 3 4 | 7 8 4 6 2 3 5 9 1 | 6 9 3 5 4 1 8 2 7 |,1,0.0003541, 7 2 5 1 3 4 6 8 9 | 3 4 6 9 5 8 1 2 7 | 9 1 8 2 7 6 3 4 5 | 1 3 2 4 6 5 7 9 8 | 4 5 7 3 8 9 2 1 6 | 8 6 9 7 1 2 4 5 3 | 2 7 1 8 9 3 5 6 4 | 5 8 3 6 4 1 9 7 2 | 6 9 4 5 2 7 8 3 1 |,1,
52,9,17, _ _ _ _ _ _ _ _ _ | 7 _ _ _ _ _ 2 _ _ | 4 _ _ _ _ _ _ _ 8 | _ _ _ _ _ 6 _ 9 _ | _ 7 _ _ _ _ _ _ 6 | 8 _ 6 _ _ 7 3 _ _ | _ _ _ 6 _ _ _ 8 _ | _ _ _ _ _ 3 _ _ 2 | _ _ _ _ 1 _ _ _ _ |,0.0005333, 1 2 3 4 5 8 6 7 9 | 7 5 8 1 6 9 2 3 4 | 4 6 9 3 7 2 1 5 8 | 2 1 4 5 3 6 8 9 7 | 3 7 5 8 9 1 4 2 6 | 8 9 6 2 4 7 3 1 5 | 5 3 7 6 2 4 9 8 1 | 9 4 1 7 8 3 5 6 2 | 6 8 2 9 1 5 7 4 3 |,1,0.0003836, 5 1 2 3 4 8 6 7 9 | 7 3 8 1 6 9 2 4 5 | 4 6 9 2 7 5 1 3 8 | 1 2 3 4 5 6 8 9 7 | 9 7 4 8 3 1 5 2 6 | 8 5 6 9 2 7 3 1 4 | 3 4 5 6 9 2 7 8 1 | 6 9 1 7 8 3 4 5 2 | 2 8 7 5 1 4 9 6 3 |,1,
53,9,17, _ _ _ 1 _ _ _ _ _ | _ _ _ _ _ _ _ _ _ | 7 _ _ 3 8 _ _ 2 _ | _ _ _ _ 5 _ 8 _ _ | _ _ _ _ 9 1 _ 3 6 | _ 8 9 7 _ _ _ _ _ | _ _ _ _ _ _ _ _ _ | _ 6 _ _ _ _ _ _ _ | _ _ _ _ _ 4 _ 1 _ |,0.002336, 2 3 4 1 6 5 7 8 9 | 1 9 8 2 4 7 3 6 5 | 7 5 6 3 8 9 1 2 4 | 3 1 2 4 5 6 8 9 7 | 4 7 5 8 9 1 2 3 6 | 6 8 9 7 2 3 4 5 1 | 5 4 1 6 3 8 9 7 2 | 8 6 7 9 1 2 5 4 3 | 9 2 3 5 7 4 6 1 8 |,1,0.0009152, 9 2 3 1 4 5 6 7 8 | 1 4 8 2 6 7 3 5 9 | 7 5 6 3 8 9 1 2 4 | 2 3 1 4 5 6 8 9 7 | 4 7 5 8 9 1 2 3 6 | 6 8 9 7 2 3 5 4 1 | 3 1 4 5 7 8 9 6 2 | 5 6 7 9 1 2 4 8 3 | 8 9 2 6 3 4 7 1 5 |,1,
54,9,17, _ 2 _ _ _ 6 7 _ _ | 9 _ 4 _ _ _ _ _ _ | 7 _ _ _ 3 9 _ _ _ | 1 _ _ _ _ _ _ _ _ | _ _ _ _ _ _ _ 2 _ | _ _ _ 3 _ _ _ _ _ | _ _ 3 _ 8 _ 9 _ _ | _ _ _ _ 1 _ 8 _ _ | _ _ _ _ _ _ _ _ 3 |,0.0007278, 3 2 1 4 5 6 7 8 9 | 9 5 4 1 7 8 2 3 6 | 7 6 8 2 3 9 1 4 5 | 1 3 2 5 4 7 6 9 8 | 4 9 5 8 6 1 3 2 7 | 6 8 7 3 9 2 4 5 1 | 2 1 3 6 8 5 9 7 4 | 5 4 9 7 1 3 8 6 2 | 8 7 6 9 2 4 5 1 3 |,1,0.0003368, 8 2 1 4 5 6 7 3 9 | 9 3 4 1 2 7 5 6 8 | 7 5 6 8 3 9 1 4 2 | 1 4 2 5 6 8 3 9 7 | 3 6 8 7 9 1 4 2 5 | 5 7 9 3 4 2 6 8 1 | 2 1 3 6 8 5 9 7 4 | 4 9 7 2 1 3 8 5 6 | 6 8 5 9 7 4 2 1 3 |,1,
55,9,17, _ _ _ _ 4 _ 6 _ 9 | _ _ 4 _ _ _ _ _ _ | _ 6 _ 3 _ _ 1 _ _ | _ _ _ _ _ _ _ 9 _ | _ _ _ _ 9 _ _ _ _ | _ _ 8 _ _ _ _ 5 _ | _ _ _ _ _ _ _ _ _ | _ 8 3 _ _ _ 5 6 _ | _ 4 _ _ _ _ _ _ 2 |,0.0099541, 1 2 5 7 4 8 6 3 9 | 3 7 4 1 6 9 2 8 5 | 8 6 9 3 2 5 1 4 7 | 2 1 6 4 5 7 3 9 8 | 5 3 7 8 9 1 4 2 6 | 4 9 8 2 3 6 7 5 1 | 9 5 2 6 7 4 8 1 3 | 7 8 3 9 1 2 5 6 4 | 6 4 1 5 8 3 9 7 2 |,1,0.0013029, 7 1 2 5 4 8 6 3 9 | 3 5 4 1 6 9 2 7 8 | 8 6 9 3 2 7 1 4 5 | 1 2 5 4 3 6 8 9 7 | 4 7 6 8 9 5 3 2 1 | 9 3 8 7 1 2 4 5 6 | 6 9 1 2 5 4 7 8 3 | 2 8 3 9 7 1 5 6 4 | 5 4 7 6 8 3 9 1 2 |,1,
56,9,17, _ 9 _ _ _ 3 _ _ _ | _ _ _ _ _ 7 _ _ 9 | 6 _ _ _ 8 _ _ _ _ | _ 4 _ _ _ _ _ _ 8 | 3 _ _ _ _ _ _ _ _ | _ _ _ _ _ 8 _ _ 5 | _ _ 4 8 _ 5 _ _ _ | _ _ _ 9 _ _ _ 4 _ | _ _ _ _ _ _ _ _ 2 |,0.0024718, 1 9 2 4 5 3 6 8 7 | 4 3 8 1 6 7 2 5 9 | 6 5 7 2 8 9 1 3 4 | 2 4 1 5 9 6 3 7 8 | 3 8 5 7 1 4 9 2 6 | 7 6 9 3 2 8 4 1 5 | 9 2 4 8 3 5 7 6 1 | 5 1 6 9 7 2 8 4 3 | 8 7 3 6 4 1 5 9 2 |,1,0.0016567, 8 9 1 2 4 3 5 6 7 | 4 2 3 5 6 7 1 8 9 | 6 5 7 1 8 9 2 3 4 | 1 4 2 3 5 6 7 9 8 | 3 8 5 7 9 1 4 2 6 | 9 7 6 4 2 8 3 1 5 | 2 6 4 8 1 5 9 7 3 | 5 3 8 9 7 2 6 4 1 | 7 1 9 6 3 4 8 5 2 |,1,
57,9,17, 6 _ _ _ _ _ 5 _ _ | _ _ _ _ _ _ _ _ _ | _ 4 _ _ _ 9 1 3 _ | _ _ _ _ _ _ _ _ 7 | _ _ 5 _ 9 _ _ _ _ | 8 _ _ 7 _ _ 3 _ _ | _ 6 _ _ _ _ _ _ _ | 7 _ _ _ _ _ _ _ _ | _ 8 _ 6 _ 5 _ _ _ |,0.008921, 6 1 2 3 4 7 5 8 9 | 3 9 8 1 5 2 4 7 6 | 5 4 7 8 6 9 1 3 2 | 1 3 6 5 8 4 2 9 7 | 4 7 5 2 9 3 6 1 8 | 8 2 9 7 1 6 3 4 5 | 2 6 1 4 7 8 9 5 3 | 7 5 3 9 2 1 8 6 4 | 9 8 4 6 3 5 7 2 1 |,1,0.0043427, 6 9 1 2 3 4 5 7 8 | 2 3 8 1 5 7 4 6 9 | 5 4 7 8 6 9 1 3 2 | 3 1 6 5 2 8 9 4 7 | 4 7 5 3 9 1 2 8 6 | 8 2 9 7 4 6 3 1 5 | 1 6 2 9 7 3 8 5 4 | 7 5 3 4 8 2 6 9 1 | 9 8 4 6 1 5 7 2 3 |,1,
58,9,17, _ _ _ _ 2 4 _ _ _ | _ 4 _ _ _ _ _ _ 7 | _ _ 5 _ 7 9 _ _ _ | _ _ _ _ _ 6 _ _ _ | _ 5 6 _ _ _ _ _ _ | _ _ _ _ _ _ _ 5 6 | 4 3 _ _ _ _ _ _ _ | _ _ 2 _ _ _ 9 _ _ | _ _ _ _ _ _ _ _ 3 |,0.0017666, 1 6 7 3 2 4 5 8 9 | 2 4 9 1 5 8 3 6 7 | 3 8 5 6 7 9 1 2 4 | 7 1 3 5 4 6 2 9 8 | 8 5 6 2 9 7 4 3 1 | 9 2 4 8 3 1 7 5 6 | 4 3 1 9 6 5 8 7 2 | 6 7 2 4 8 3 9 1 5 | 5 9 8 7 1 2 6 4 3 |,1,0.0017734, 1 6 7 3 2 4 5 8 9 | 2 4 9 1 5 8 3 6 7 | 3 8 5 6 7 9 1 2 4 | 7 1 3 5 4 6 2 9 8 | 8 5 6 2 9 7 4 3 1 | 9 2 4 8 3 1 7 5 6 | 4 3 1 9 6 5 8 7 2 | 6 7 2 4 8 3 9 1 5 | 5 9 8 7 1 2 6 4 3 |,1,
59,9,17, _ 9 _ _ _ _ 6 _ _ | _ _ _ _ _ _ _ _ _ | _ _ _ 6 _ 9 _ _ _ | 1 _ _ _ _ _ 8 _ _ | _ _ _ _ _ _ 3 _ _ | _ _ _ _ 1 _ _ _ _ | 2 _ _ 8 _ _ _ _ 4 | 3 6 _ _ _ _ _ _ 1 | 9 8 _ _ _ _ _ 2 _ |,0.0012404, 4 9 1 2 3 5 6 7 8 | 5 2 6 1 7 8 4 3 9 | 7 3 8 6 4 9 1 5 2 | 1 4 2 3 5 6 8 9 7 | 6 7 9 4 8 2 3 1 5 | 8 5 3 9 1 7 2 4 6 | 2 1 5 8 9 3 7 6 4 | 3 6 7 5 2 4 9 8 1 | 9 8 4 7 6 1 5 2 3 |,1,0.0009557, 4 9 1 2 3 5 6 7 8 | 5 2 6 1 7 8 4 3 9 | 7 3 8 6 4 9 1 5 2 | 1 4 2 3 5 6 8 9 7 | 6 7 9 4 8 2 3 1 5 | 8 5 3 9 1 7 2 4 6 | 2 1 5 8 9 3 7 6 4 | 3 6 7 5 2 4 9 8 1 | 9 8 4 7 6 1 5 2 3 |,1,
60,9,17, _ _ _ _ 3 _ _ 7 _ | _ _ _ 1 6 _ _ _ _ | 6 _ 7 _ _ _ _ _ _ | _ _ 3 _ _ _ _ _ 7 | _ _ _ 7 _ _ 2 _ 1 | _ _ _ _ _ _ _ _ _ | _ _ _ _ _ _ _ _ _ | _ 6 _ _ 2 3 _ 1 _ | _ _ _ _ _ _ 3 6 _ |,0.0115043, 1 2 4 5 3 8 6 7 9 | 3 5 9 1 6 7 4 2 8 | 6 8 7 2 4 9 1 5 3 | 2 1 3 4 8 6 5 9 7 | 8 4 6 7 9 5 2 3 1 | 7 9 5 3 1 2 8 4 6 | 4 3 2 6 7 1 9 8 5 | 5 6 8 9 2 3 7 1 4 | 9 7 1 8 5 4 3 6 2 |,1,0.0101745, 1 2 4 5 3 8 6 7 9 | 3 5 9 1 6 7 4 2 8 | 6 8 7 2 4 9 1 5 3 | 2 1 3 4 8 6 5 9 7 | 8 4 6 7 9 5 2 3 1 | 7 9 5 3 1 2 8 4 6 | 4 3 2 6 7 1 9 8 5 | 5 6 8 9 2 3 7 1 4 | 9 7 1 8 5 4 3 6 2 |,1,
61,9,17, _ 6 _ _ _ _ _ _ _ | _ _ _ _ _ _ _ _ 6 | _ _ _ _ _ _ _ 3 _ | 1 _ _ _ _ _ _ 9 _ | _ _ 6 _ _ _ _ _ 2 | 7 _ _ _ _ _ 5 _ _ | 5 _ 1 _ _ _ _ _ _ | 6 4 2 9 _ _ _ _ _ | 9 _ _ _ 4 _ _ _ _ |,0.0031571, 2 6 3 1 5 4 7 8 9 | 4 1 7 3 8 9 2 5 6 | 8 5 9 2 6 7 1 3 4 | 1 2 5 4 3 6 8 9 7 | 3 8 6 7 9 5 4 1 2 | 7 9 4 8 2 1 5 6 3 | 5 3 1 6 7 2 9 4 8 | 6 4 2 9 1 8 3 7 5 | 9 7 8 5 4 3 6 2 1 |,1,0.0008359, 8 6 3 1 2 4 7 5 9 | 2 1 5 3 7 9 4 8 6 | 4 7 9 5 6 8 2 3 1 | 1 2 4 6 3 5 8 9 7 | 3 5 6 8 9 7 1 4 2 | 7 9 8 4 1 2 5 6 3 | 5 3 1 7 8 6 9 2 4 | 6 4 2 9 5 1 3 7 8 | 9 8 7 2 4 3 6 1 5 |,1,
62,9,17, _ _ _ _ _ _ _ _ _ | _ _ _ _ _ 8 _ _ 6 | _ _ 5 _ _ _ 1 2 _ | _ _ 2 _ _ 6 8 _ _ | 5 4 7 _ _ _ _ _ _ | _ _ _ 3 _ _ _ 1 _ | _ 5 _ _ _ 4 _ _ 8 | _ _ _ _ _ _ _ _ _ | _ _ _ _ _ 3 _ _ _ |,0.0008909, 1 2 3 4 6 5 7 8 9 | 4 7 9 1 2 8 3 5 6 | 6 8 5 7 3 9 1 2 4 | 3 1 2 5 4 6 8 9 7 | 5 4 7 8 9 1 2 6 3 | 9 6 8 3 7 2 4 1 5 | 7 5 6 2 1 4 9 3 8 | 8 3 1 9 5 7 6 4 2 | 2 9 4 6 8 3 5 7 1 |,1,0.0006176, 6 1 3 2 4 5 7 8 9 | 2 7 4 1 9 8 3 5 6 | 8 9 5 6 3 7 1 2 4 | 1 3 2 4 5 6 8 9 7 | 5 4 7 8 1 9 2 6 3 | 9 6 8 3 7 2 4 1 5 | 3 5 1 9 2 4 6 7 8 | 4 8 9 7 6 1 5 3 2 | 7 2 6 5 8 3 9 4 1 |,1,
63,9,17, _ _ _ _ 3 _ _ 8 _ | 7 1 _ _ _ _ _ 4 6 | _ _ _ 4 6 _ _ 2 _ | _ _ _ _ _ _ 8 _ _ | 4 _ _ _ _ 8 _ _ _ | _ _ _ 3 _ _ _ _ _ | _ _ _ 6 _ 4 _ 7 _ | _ _ _ _ 7 _ _ _ _ | _ _ _ _ _ _ _ _ _ |,0.0006901, 2 4 6 1 3 5 7 8 9 | 7 1 3 2 8 9 5 4 6 | 5 8 9 4 6 7 1 2 3 | 1 2 5 7 9 6 8 3 4 | 4 3 7 5 2 8 6 9 1 | 6 9 8 3 4 1 2 5 7 | 3 5 2 6 1 4 9 7 8 | 8 6 4 9 7 2 3 1 5 | 9 7 1 8 5 3 4 6 2 |,1,0.0005494, 6 2 4 1 3 5 7 8 9 | 7 1 3 2 8 9 5 4 6 | 5 8 9 4 6 7 1 2 3 | 1 3 2 5 4 6 8 9 7 | 4 5 6 7 9 8 2 3 1 | 9 7 8 3 1 2 4 6 5 | 2 9 1 6 5 4 3 7 8 | 8 4 5 9 7 3 6 1 2 | 3 6 7 8 2 1 9 5 4 |,1,
64,9,17, _ _ _ _ _ _ 5 _ _ | _ _ _ _ _ _ _ _ _ | _ _ _ 6 _ _ _ _ _ | _ _ _ _ _ _ 8 _ _ | _ _ _ _ _ _ _ _ _ | _ 9 7 _ _ 2 4 _ 6 | _ 1 _ _ _ _ _ 3 2 | _ 3 _ _ _ _ _ _ _ | _ 7 8 _ _ 3 6 _ 1 |,0.0017316, 1 2 3 4 7 8 5 6 9 | 4 5 6 1 2 9 3 7 8 | 7 8 9 6 3 5 1 2 4 | 2 4 1 3 9 6 8 5 7 | 8 6 5 7 1 4 2 9 3 | 3 9 7 5 8 2 4 1 6 | 5 1 4 8 6 7 9 3 2 | 6 3 2 9 4 1 7 8 5 | 9 7 8 2 5 3 6 4 1 |,1,0.0018051, 1 2 3 4 7 8 5 6 9 | 4 5 6 1 2 9 3 7 8 | 7 8 9 6 3 5 1 2 4 | 2 4 1 3 9 6 8 5 7 | 8 6 5 7 1 4 2 9 3 | 3 9 7 5 8 2 4 1 6 | 5 1 4 8 6 7 9 3 2 | 6 3 2 9 4 1 7 8 5 | 9 7 8 2 5 3 6 4 1 |,1,
65,9,17, _ _ 8 _ _ 4 _ 7 _ | _ _ _ 2 _ _ 3 _ 8 | 7 _ _ _ _ _ 1 2 4 | _ 2 _ _ _ _ _ _ 7 | _ 7 _ _ _ _ _ _ _ | _ _ _ _ _ _ _ 3 _ | _ _ _ _ _ _ 9 _ _ | _ _ _ 9 _ _ 7 _ _ | _ _ _ _ _ _ _ _ _ |,0.0008729, 2 1 8 3 5 4 6 7 9 | 4 6 9 2 1 7 3 5 8 | 7 3 5 6 8 9 1 2 4 | 1 2 3 4 6 5 8 9 7 | 5 7 4 8 9 3 2 1 6 | 8 9 6 1 7 2 4 3 5 | 3 4 7 5 2 6 9 8 1 | 6 5 1 9 3 8 7 4 2 | 9 8 2 7 4 1 5 6 3 |,1,0.0006492, 2 1 8 3 5 4 6 7 9 | 4 6 9 2 1 7 3 5 8 | 7 3 5 6 8 9 1 2 4 | 1 2 3 4 6 5 8 9 7 | 5 7 4 8 9 3 2 1 6 | 8 9 6 1 7 2 4 3 5 | 3 4 7 5 2 6 9 8 1 | 6 5 1 9 3 8 7 4 2 | 9 8 2 7 4 1 5 6 3 |,1,
66,9,17, _ _ _ _ _ _ _ _ 9 | _ _ _ _ _ _ _ _ _ | _ _ 6 _ 8 _ _ _ _ | _ _ _ _ _ _ _ _ 7 | _ _ 7 4 9 _ 2 _ _ | 6 _ _ _ 1 _ _ _ 5 | _ _ _ _ _ _ _ _ _ | 7 _ 9 _ 2 3 5 _ _ | _ _ _ _ _ _ _ _ 2 |,0.0133859, 1 2 3 5 4 6 7 8 9 | 4 5 8 1 7 9 3 2 6 | 9 7 6 3 8 2 1 5 4 | 2 9 5 6 3 8 4 1 7 | 3 1 7 4 9 5 2 6 8 | 6 8 4 2 1 7 9 3 5 | 5 4 2 7 6 1 8 9 3 | 7 6 9 8 2 3 5 4 1 | 8 3 1 9 5 4 6 7 2 |,1,0.0006065, 8 1 2 3 4 5 6 7 9 | 3 4 5 6 7 9 1 2 8 | 9 7 6 1 8 2 3 5 4 | 1 2 4 5 3 6 8 9 7 | 5 3 7 4 9 8 2 1 6 | 6 9 8 2 1 7 4 3 5 | 2 5 1 7 6 4 9 8 3 | 7 6 9 8 2 3 5 4 1 | 4 8 3 9 5 1 7 6 2 |,1,
67,9,17, _ _ _ _ _ _ 6 _ _ | 3 _ 1 _ _ 8 _ _ _ | 5 _ _ _ 6 _ _ 2 3 | _ _ 3 5 _ _ 8 _ 7 | _ 5 _ _ _ _ _ _ _ | 8 _ _ _ _ _ _ _ _ | _ _ _ _ _ _ 9 _ _ | _ _ _ _ _ _ 3 _ _ | _ 3 _ _ _ _ _ _ _ |,0.0015319, 2 4 7 1 3 5 6 8 9 | 3 6 1 2 9 8 4 7 5 | 5 8 9 4 6 7 1 2 3 | 1 2 3 5 4 6 8 9 7 | 7 5 4 3 8 9 2 1 6 | 8 9 6 7 1 2 5 3 4 | 4 1 2 6 7 3 9 5 8 | 6 7 8 9 5 1 3 4 2 | 9 3 5 8 2 4 7 6 1 |,1,0.001175, 7 2 4 1 3 5 6 8 9 | 3 6 1 2 9 8 4 7 5 | 5 8 9 4 6 7 1 2 3 | 1 4 3 5 2 6 8 9 7 | 6 5 7 3 8 9 2 1 4 | 8 9 2 7 1 4 5 3 6 | 2 1 5 6 7 3 9 4 8 | 4 7 8 9 5 1 3 6 2 | 9 3 6 8 4 2 7 5 1 |,1,
68,9,17, _ _ 7 _ 2 _ _ _ _ | _ _ _ _ _ _ _ 7 _ | _ _ _ 6 _ _ _ 3 _ | 2 _ _ _ _ _ _ _ _ | _ _ 6 8 _ _ 5 1 _ | _ 7 _ 2 _ _ _ _ _ | 4 _ _ _ _ _ _ _ _ | _ _ _ _ _ _ _ _ _ | 9 _ 2 _ _ _ _ 8 4 |,0.55791, 1 3 7 4 2 5 6 9 8 | 6 2 5 3 8 9 4 7 1 | 8 4 9 6 1 7 2 3 5 | 2 1 4 5 9 3 8 6 7 | 3 9 6 8 7 4 5 1 2 | 5 7 8 2 6 1 3 4 9 | 4 6 1 7 5 8 9 2 3 | 7 8 3 9 4 2 1 5 6 | 9 5 2 1 3 6 7 8 4 |,1,0.471305, 5 1 7 3 2 4 6 9 8 | 6 2 3 1 8 9 4 7 5 | 8 4 9 6 7 5 2 3 1 | 2 5 4 9 1 3 8 6 7 | 3 9 6 8 4 7 5 1 2 | 1 7 8 2 5 6 3 4 9 | 4 3 5 7 9 8 1 2 6 | 7 8 1 4 6 2 9 5 3 | 9 6 2 5 3 1 7 8 4 |,1,
69,9,17, _ _ _ _ _ _ _ 8 _ | _ _ 8 _ _ _ 2 _ 5 | _ 3 _ _ 8 _ _ _ _ | _ _ _ _ _ _ _ _ _ | _ _ 6 7 _ _ _ _ _ | _ _ _ _ _ 2 _ _ 1 | _ _ _ 8 _ _ 9 _ _ | 8 _ _ _ _ _ 5 7 _ | _ _ _ 6 _ _ _ 1 _ |,0.0036663, 1 2 4 3 5 6 7 8 9 | 6 7 8 1 4 9 2 3 5 | 5 3 9 2 8 7 1 4 6 | 2 1 3 4 9 8 6 5 7 | 9 5 6 7 1 3 4 2 8 | 4 8 7 5 6 2 3 9 1 | 3 4 1 8 7 5 9 6 2 | 8 6 2 9 3 1 5 7 4 | 7 9 5 6 2 4 8 1 3 |,1,0.0023835, 4 1 2 3 5 6 7 8 9 | 6 7 8 1 4 9 2 3 5 | 5 3 9 2 8 7 1 4 6 | 1 2 3 4 9 8 6 5 7 | 9 5 6 7 1 3 4 2 8 | 7 8 4 5 6 2 3 9 1 | 2 4 5 8 7 1 9 6 3 | 8 6 1 9 3 4 5 7 2 | 3 9 7 6 2 5 8 1 4 |,1,
70,9,17, _ 1 _ _ _ 5 _ _ 9 | _ _ 2 1 4 _ _ _ 8 | _ _ _ _ _ _ 1 2 _ | _ 2 _ _ 5 _ _ _ _ | _ _ _ _ 9 _ _ _ _ | _ _ _ _ _ _ _ _ 7 | _ _ _ _ _ _ _ 6 _ | _ _ _ _ _ 4 _ _ _ | _ _ _ _ 6 _ _ 3 _ |,0.0008359, 3 1 4 2 8 5 6 7 9 | 6 7 2 1 4 9 3 5 8 | 5 8 9 3 7 6 1 2 4 | 1 2 3 4 5 7 8 9 6 | 4 6 7 8 9 2 5 1 3 | 8 9 5 6 1 3 2 4 7 | 2 4 1 7 3 8 9 6 5 | 9 3 6 5 2 4 7 8 1 | 7 5 8 9 6 1 4 3 2 |,1,0.0008036, 3 1 4 2 8 5 6 7 9 | 6 7 2 1 4 9 3 5 8 | 5 8 9 3 7 6 1 2 4 | 1 2 3 4 5 7 8 9 6 | 4 6 7 8 9 2 5 1 3 | 8 9 5 6 1 3 2 4 7 | 2 4 1 7 3 8 9 6 5 | 9 3 6 5 2 4 7 8 1 | 7 5 8 9 6 1 4 3 2 |,1,
71,9,17, _ _ _ _ _ _ 7 _ 9 | _ _ _ 2 4 _ _ _ _ | _ _ _ _ 8 _ _ 3 _ | _ _ _ _ _ 6 _ _ _ | _ _ _ _ _ _ 3 _ 2 | _ _ _ _ _ _ _ 6 _ | _ 2 _ _ 7 3 _ _ 8 | _ 3 _ _ _ 4 _ _ _ | _ _ _ 8 _ _ _ _ _ |,0.0023568, 1 4 2 3 6 5 7 8 9 | 3 7 8 2 4 9 1 5 6 | 5 6 9 1 8 7 2 3 4 | 2 1 3 4 5 6 8 9 7 | 6 9 5 7 1 8 3 4 2 | 4 8 7 9 3 2 5 6 1 | 9 2 4 5 7 3 6 1 8 | 8 3 1 6 2 4 9 7 5 | 7 5 6 8 9 1 4 2 3 |,1,0.0017586, 6 4 2 1 3 5 7 8 9 | 3 7 8 2 4 9 1 5 6 | 1 5 9 6 8 7 2 3 4 | 2 1 3 4 5 6 8 9 7 | 4 6 5 7 9 8 3 1 2 | 9 8 7 3 1 2 4 6 5 | 5 2 1 9 7 3 6 4 8 | 8 3 6 5 2 4 9 7 1 | 7 9 4 8 6 1 5 2 3 |,1,
72,9,17, _ _ _ 4 _ 6 _ _ _ | 6 _ _ 1 8 _ _ _ _ | _ _ _ _ _ _ _ _ _ | _ _ _ _ _ _ _ 9 _ | _ 4 _ _ 9 _ 5 _ _ | _ _ _ _ _ _ _ _ _ | _ _ 1 8 7 _ _ 6 _ | _ 6 _ _ _ _ _ 5 _ | _ _ 2 _ _ _ _ 7 _ |,0.0013487, 1 2 3 4 5 6 7 8 9 | 6 5 7 1 8 9 2 3 4 | 4 8 9 2 3 7 6 1 5 | 2 1 5 3 6 4 8 9 7 | 3 4 8 7 9 1 5 2 6 | 9 7 6 5 2 8 1 4 3 | 5 9 1 8 7 3 4 6 2 | 7 6 4 9 1 2 3 5 8 | 8 3 2 6 4 5 9 7 1 |,1,0.0007493, 9 1 3 4 2 6 7 8 5 | 6 2 5 1 8 7 3 4 9 | 4 7 8 3 5 9 1 2 6 | 1 3 6 2 4 5 8 9 7 | 8 4 7 6 9 1 5 3 2 | 2 5 9 7 3 8 6 1 4 | 5 9 1 8 7 2 4 6 3 | 7 6 4 9 1 3 2 5 8 | 3 8 2 5 6 4 9 7 1 |,1,
73,9,17, _ _ 7 _ _ _ _ 8 9 | _ _ 2 _ _ _ _ _ _ | _ _ _ 4 _ _ 2 5 _ | 1 _ _ _ 4 _ _ 9 _ | _ _ _ _ 9 7 _ _ _ | _ 8 _ _ _ _ _ _ _ | _ _ _ _ _ _ _ _ _ | _ _ _ _ 5 2 _ _ _ | _ _ _ 7 1 _ _ _ _ |,0.0009452, 3 1 7 2 6 5 4 8 9 | 4 5 2 1 8 9 3 6 7 | 6 9 8 4 7 3 2 5 1 | 1 2 3 5 4 6 7 9 8 | 5 4 6 8 9 7 1 2 3 | 7 8 9 3 2 1 5 4 6 | 2 7 4 6 3 8 9 1 5 | 8 3 1 9 5 2 6 7 4 | 9 6 5 7 1 4 8 3 2 |,1,0.0007304, 3 1 7 2 6 5 4 8 9 | 4 5 2 1 8 9 3 6 7 | 6 9 8 4 7 3 2 5 1 | 1 2 3 5 4 6 7 9 8 | 5 4 6 8 9 7 1 2 3 | 7 8 9 3 2 1 5 4 6 | 2 7 4 6 3 8 9 1 5 | 8 3 1 9 5 2 6 7 4 | 9 6 5 7 1 4 8 3 2 |,1,
74,9,17, _ _ 8 1 _ _ _ _ _ | _ _ _ _ _ _ _ _ _ | _ _ _ _ 8 _ _ _ _ | _ _ _ 4 _ _ _ _ _ | 5 4 _ _ _ 1 _ _ _ | _ _ 6 7 2 _ _ _ 1 | _ _ _ 5 _ 8 _ _ _ | _ 6 _ 9 _ _ _ _ _ | _ 8 5 _ _ _ _ _ _ |,0.0452418, 2 3 8 1 4 5 6 7 9 | 1 5 4 6 7 9 2 3 8 | 6 7 9 3 8 2 1 4 5 | 3 1 2 4 5 6 8 9 7 | 5 4 7 8 9 1 3 2 6 | 8 9 6 7 2 3 4 5 1 | 7 2 1 5 3 8 9 6 4 | 4 6 3 9 1 7 5 8 2 | 9 8 5 2 6 4 7 1 3 |,1,0.0006922, 7 2 8 1 3 4 5 6 9 | 1 3 4 6 5 9 2 7 8 | 6 5 9 2 8 7 1 3 4 | 2 1 3 4 6 5 8 9 7 | 5 4 7 8 9 1 3 2 6 | 8 9 6 7 2 3 4 5 1 | 9 7 2 5 1 8 6 4 3 | 3 6 1 9 4 2 7 8 5 | 4 8 5 3 7 6 9 1 2 |,1,
75,9,17, 3 _ _ _ _ _ 6 _ _ | _ _ 4 _ _ 6 _ 2 _ | _ _ 6 _ _ _ 3 _ 5 | _ _ _ _ _ _ _ _ 8 | _ 5 _ _ _ _ _ _ _ | _ _ 8 _ _ _ _ _ _ | _ _ _ _ _ _ 9 _ _ | _ _ _ 5 1 _ _ _ _ | _ 6 _ _ 7 _ _ _ 4 |,0.003133, 3 1 2 4 5 7 6 8 9 | 5 8 4 3 9 6 1 2 7 | 7 9 6 1 2 8 3 4 5 | 1 2 3 6 4 5 7 9 8 | 6 5 7 2 8 9 4 1 3 | 9 4 8 7 3 1 2 5 6 | 2 3 5 8 6 4 9 7 1 | 4 7 9 5 1 3 8 6 2 | 8 6 1 9 7 2 5 3 4 |,1,0.0007901, 3 2 1 4 5 7 6 8 9 | 5 8 4 3 9 6 1 2 7 | 7 9 6 1 2 8 3 4 5 | 1 3 2 6 4 5 7 9 8 | 4 5 9 7 8 1 2 3 6 | 6 7 8 2 3 9 4 5 1 | 2 1 5 8 6 4 9 7 3 | 9 4 7 5 1 3 8 6 2 | 8 6 3 9 7 2 5 1 4 |,1,
76,9,17, 6 _ _ _ _ _ 4 _ _ | _ _ 1 _ _ _ _ _ 9 | 2 _ _ _ 7 _ _ _ _ | _ _ _ _ _ _ _ _ _ | _ _ 6 _ _ _ _ _ _ | _ _ _ _ _ 5 6 _ _ | _ _ 2 _ _ _ 9 _ _ | 8 _ 4 _ 1 6 _ _ _ | _ _ _ _ _ 2 _ 4 _ |,0.0059796, 6 3 5 1 2 9 4 7 8 | 4 7 1 3 5 8 2 6 9 | 2 8 9 6 7 4 1 3 5 | 1 2 3 8 6 7 5 9 4 | 9 5 6 2 4 1 7 8 3 | 7 4 8 9 3 5 6 2 1 | 5 6 2 4 8 3 9 1 7 | 8 9 4 7 1 6 3 5 2 | 3 1 7 5 9 2 8 4 6 |,1,0.0004543, 6 8 3 1 2 9 4 5 7 | 4 7 1 3 5 8 2 6 9 | 2 5 9 6 7 4 1 3 8 | 1 2 5 4 6 7 8 9 3 | 3 4 6 8 9 1 5 7 2 | 7 9 8 2 3 5 6 1 4 | 5 1 2 7 4 3 9 8 6 | 8 3 4 9 1 6 7 2 5 | 9 6 7 5 8 2 3 4 1 |,1,
77,9,17, _ _ 7 _ _ _ _ _ 9 | 2 1 _ _ _ _ _ 7 _ | _ _ _ _ _ _ _ _ _ | _ _ _ _ 4 _ 8 _ _ | _ 6 _ _ _ _ _ _ _ | _ _ _ _ _ _ _ _ _ | _ _ _ _ 7 _ _ _ 2 | _ 8 _ _ 1 _ _ _ 7 | 9 _ _ 8 3 _ _ _ 1 |,34.8262, 3 4 7 1 2 8 5 6 9 | 2 1 5 3 6 9 4 7 8 | 6 9 8 4 5 7 1 2 3 | 1 2 3 7 4 5 8 9 6 | 8 6 4 2 9 1 7 3 5 | 7 5 9 6 8 3 2 1 4 | 4 3 1 5 7 6 9 8 2 | 5 8 6 9 1 2 3 4 7 | 9 7 2 8 3 4 6 5 1 |,1,0.0618614, 8 3 7 1 2 4 5 6 9 | 2 1 4 5 6 9 3 7 8 | 5 9 6 3 8 7 1 2 4 | 7 2 1 6 4 3 8 9 5 | 4 6 9 2 5 8 7 1 3 | 3 5 8 7 9 1 2 4 6 | 1 4 3 9 7 5 6 8 2 | 6 8 5 4 1 2 9 3 7 | 9 7 2 8 3 6 4 5 1 |,1,
78,9,17, _ _ _ _ 4 _ 7 _ _ | _ _ 7 _ _ _ _ _ 6 | _ _ _ _ _ _ _ 2 _ | _ _ _ _ 6 _ _ 9 7 | _ _ _ _ _ 1 _ 6 _ | _ _ _ _ _ _ _ _ _ | _ _ 1 _ 3 _ _ _ _ | _ _ _ _ _ 8 _ _ _ | _ 8 _ _ _ 2 6 _ 1 |,0.0074186, 1 2 3 5 4 6 7 8 9 | 4 5 7 2 8 9 1 3 6 | 6 9 8 1 7 3 4 2 5 | 2 1 4 3 6 5 8 9 7 | 8 7 5 4 9 1 3 6 2 | 9 3 6 8 2 7 5 1 4 | 5 6 1 9 3 4 2 7 8 | 7 4 2 6 1 8 9 5 3 | 3 8 9 7 5 2 6 4 1 |,1,0.0004009, 9 1 2 3 4 6 7 5 8 | 3 4 7 2 8 5 9 1 6 | 5 6 8 1 7 9 3 2 4 | 1 2 3 5 6 4 8 9 7 | 4 7 5 8 9 1 2 6 3 | 8 9 6 7 2 3 1 4 5 | 2 5 1 6 3 7 4 8 9 | 6 3 4 9 1 8 5 7 2 | 7 8 9 4 5 2 6 3 1 |,1,
79,9,17, 8 _ _ _ _ _ _ _ _ | 1 _ _ _ 7 _ 2 _ _ | 7 _ 2 4 _ _ _ _ 8 | 2 _ _ _ _ 7 _ 9 _ | _ _ _ _ _ _ _ _ _ | 9 _ _ _ _ 5 _ _ _ | _ _ _ _ _ _ _ _ _ | _ _ 9 _ _ _ _ _ _ | _ _ _ 9 1 2 _ _ _ |,0.001476, 8 3 4 1 2 6 5 7 9 | 1 5 6 8 7 9 2 3 4 | 7 9 2 4 5 3 1 6 8 | 2 1 3 6 4 7 8 9 5 | 4 8 5 3 9 1 6 2 7 | 9 6 7 2 8 5 3 4 1 | 3 7 1 5 6 4 9 8 2 | 5 2 9 7 3 8 4 1 6 | 6 4 8 9 1 2 7 5 3 |,1,0.0010457, 8 9 3 1 2 6 4 5 7 | 1 4 5 3 7 8 2 6 9 | 7 6 2 4 5 9 1 3 8 | 2 1 4 6 3 7 8 9 5 | 3 5 6 8 9 1 7 2 4 | 9 7 8 2 4 5 3 1 6 | 5 3 1 7 6 4 9 8 2 | 4 2 9 5 8 3 6 7 1 | 6 8 7 9 1 2 5 4 3 |,1,
80,9,17, 2 _ _ _ _ 5 6 _ _ | 5 6 4 _ _ _ _ _ _ | 9 _ 1 3 _ _ 2 _ _ | _ _ _ _ _ _ _ _ _ | _ _ _ 7 _ _ _ _ _ | _ _ _ _ _ _ _ _ _ | 4 _ _ _ _ 3 _ _ _ | _ _ _ _ _ 4 _ _ _ | _ _ 9 6 _ _ _ 2 _ |,0.0008156, 2 3 7 1 4 5 6 8 9 | 5 6 4 2 8 9 1 3 7 | 9 8 1 3 6 7 2 4 5 | 1 2 3 4 5 6 7 9 8 | 6 4 8 7 9 1 3 5 2 | 7 9 5 8 3 2 4 1 6 | 4 5 2 9 7 3 8 6 1 | 8 1 6 5 2 4 9 7 3 | 3 7 9 6 1 8 5 2 4 |,1,0.0003911, 2 7 3 1 4 5 6 8 9 | 5 6 4 2 8 9 1 3 7 | 9 8 1 3 6 7 2 4 5 | 1 2 5 4 3 6 7 9 8 | 3 4 6 7 9 8 5 1 2 | 7 9 8 5 1 2 3 6 4 | 4 1 2 8 5 3 9 7 6 | 6 3 7 9 2 4 8 5 1 | 8 5 9 6 7 1 4 2 3 |,1,
81,9,17, _ _ _ _ _ _ _ _ _ | _ _ _ 5 7 _ 1 3 _ | _ _ _ _ _ _ 2 _ _ | 2 _ _ 3 _ _ _ _ _ | _ _ 6 _ _ _ _ _ 2 | _ 7 _ _ _ 5 _ _ _ | _ _ _ _ 5 2 _ 8 1 | _ 6 _ _ _ _ _ _ _ | _ _ _ 7 _ _ _ _ _ |,0.113251, 1 3 4 2 6 8 5 7 9 | 6 2 8 5 7 9 1 3 4 | 5 9 7 1 3 4 2 6 8 | 2 1 5 3 4 6 8 9 7 | 3 8 6 9 1 7 4 5 2 | 4 7 9 8 2 5 3 1 6 | 7 4 3 6 5 2 9 8 1 | 8 6 1 4 9 3 7 2 5 | 9 5 2 7 8 1 6 4 3 |,1,0.0056729, 4 1 3 2 6 8 5 7 9 | 6 2 8 5 7 9 1 3 4 | 5 9 7 1 3 4 2 6 8 | 2 4 1 3 8 6 7 9 5 | 3 5 6 9 1 7 8 4 2 | 8 7 9 4 2 5 3 1 6 | 7 3 4 6 5 2 9 8 1 | 1 6 2 8 9 3 4 5 7 | 9 8 5 7 4 1 6 2 3 |,1,
82,9,17, 8 _ _ 1 _ _ 6 _ _ | _ 9 _ _ _ _ _ 2 _ | _ 1 4 _ _ _ 3 _ _ | 1 _ 3 _ _ _ _ _ _ | _ 5 6 _ _ _ 2 _ _ | _ _ _ 2 _ _ _ _ _ | _ _ _ _ _ _ 9 _ _ | _ _ _ 9 _ _ _ _ _ | _ 6 _ _ _ _ _ _ _ |,1.33581, 8 3 2 1 4 5 6 7 9 | 5 9 7 3 6 8 1 2 4 | 6 1 4 7 2 9 3 5 8 | 1 2 3 4 5 6 8 9 7 | 4 5 6 8 9 7 2 1 3 | 7 8 9 2 1 3 4 6 5 | 2 7 5 6 8 4 9 3 1 | 3 4 1 9 7 2 5 8 6 | 9 6 8 5 3 1 7 4 2 |,1,0.0004849, 8 7 2 1 3 4 6 5 9 | 3 9 5 6 7 8 1 2 4 | 6 1 4 5 2 9 3 7 8 | 1 2 3 4 5 6 8 9 7 | 4 5 6 8 9 7 2 1 3 | 7 8 9 2 1 3 4 6 5 | 2 3 1 7 4 5 9 8 6 | 5 4 8 9 6 1 7 3 2 | 9 6 7 3 8 2 5 4 1 |,1,
83,9,17, _ _ _ _ _ _ _ _ _ | _ _ _ _ _ _ _ 7 _ | 2 _ _ _ _ _ _ _ 6 | _ _ _ _ _ _ _ _ _ | _ _ _ _ 9 _ 3 _ _ | _ 9 _ 3 _ 1 _ 2 _ | 5 1 _ _ _ _ 9 _ _ | _ _ 4 _ _ 2 7 _ _ | 9 _ _ _ _ _ _ 4 _ |,0.0077319, 1 3 5 2 6 7 4 8 9 | 4 6 8 1 3 9 2 7 5 | 2 7 9 4 5 8 1 3 6 | 3 4 1 7 2 5 6 9 8 | 8 5 2 6 9 4 3 1 7 | 7 9 6 3 8 1 5 2 4 | 5 1 7 8 4 3 9 6 2 | 6 8 4 9 1 2 7 5 3 | 9 2 3 5 7 6 8 4 1 |,1,0.0034258, 6 3 1 2 4 7 5 8 9 | 4 5 8 1 6 9 2 7 3 | 2 7 9 5 3 8 4 1 6 | 1 4 3 6 2 5 8 9 7 | 7 2 6 8 9 4 3 5 1 | 8 9 5 3 7 1 6 2 4 | 5 1 7 4 8 6 9 3 2 | 3 8 4 9 1 2 7 6 5 | 9 6 2 7 5 3 1 4 8 |,1,
84,9,17, _ _ 9 _ _ _ _ _ _ | _ 2 _ _ _ 8 _ _ _ | _ 8 _ _ _ _ _ _ 4 | _ _ _ 4 _ _ 8 9 _ | 6 _ _ _ 9 1 _ _ _ | _ _ _ _ _ _ _ _ _ | 3 _ _ _ _ _ 9 _ _ | 8 _ _ _ _ 4 _ _ _ | _ _ 4 _ _ _ _ _ 1 |,0.0006335, 1 3 9 2 4 5 6 7 8 | 4 2 5 6 7 8 1 3 9 | 7 8 6 1 3 9 2 5 4 | 2 1 3 4 5 6 8 9 7 | 6 4 7 8 9 1 3 2 5 | 5 9 8 7 2 3 4 1 6 | 3 6 1 5 8 7 9 4 2 | 8 5 2 9 1 4 7 6 3 | 9 7 4 3 6 2 5 8 1 |,1,0.000653, 1 3 9 2 4 5 6 7 8 | 4 2 5 6 7 8 1 3 9 | 7 8 6 1 3 9 2 5 4 | 2 1 3 4 5 6 8 9 7 | 6 4 7 8 9 1 3 2 5 | 5 9 8 7 2 3 4 1 6 | 3 6 1 5 8 7 9 4 2 | 8 5 2 9 1 4 7 6 3 | 9 7 4 3 6 2 5 8 1 |,1,
85,9,17, 9 _ _ _ 3 _ _ _ _ | _ _ _ _ _ _ _ _ _ | _ _ 7 _ _ _ 1 _ _ | _ _ _ _ _ _ _ 9 7 | _ _ _ _ _ _ 2 _ 3 | _ 9 _ 3 _ _ _ 5 _ | 2 _ _ _ _ 3 _ _ _ | _ _ _ _ _ _ _ _ 2 | _ _ _ _ 2 _ _ 3 1 |,0.0498065, 9 1 2 4 3 5 6 7 8 | 4 5 6 1 7 8 3 2 9 | 3 8 7 2 6 9 1 4 5 | 1 2 3 5 4 6 8 9 7 | 6 4 5 8 9 7 2 1 3 | 7 9 8 3 1 2 4 5 6 | 2 6 1 7 5 3 9 8 4 | 5 3 4 9 8 1 7 6 2 | 8 7 9 6 2 4 5 3 1 |,1,0.0480001, 9 2 1 4 3 5 6 7 8 | 4 5 6 1 7 8 3 2 9 | 3 8 7 2 6 9 1 4 5 | 1 3 2 5 4 6 8 9 7 | 5 6 4 8 9 7 2 1 3 | 7 9 8 3 1 2 4 5 6 | 2 1 5 7 8 3 9 6 4 | 6 4 3 9 5 1 7 8 2 | 8 7 9 6 2 4 5 3 1 |,1,
86,9,17, 3 7 _ _ _ _ _ _ _ | _ _ _ _ 7 9 _ _ 8 | _ _ _ 5 _ 8 3 _ _ | 1 _ _ _ _ _ _ _ _ | _ _ 7 _ _ _ _ _ _ | _ _ _ 2 1 _ _ _ _ | _ _ _ _ _ _ 9 _ 4 | 8 6 _ _ _ _ _ _ _ | _ _ _ _ _ _ 6 _ _ |,0.0019853, 3 7 8 1 2 4 5 6 9 | 2 5 6 3 7 9 1 4 8 | 4 1 9 5 6 8 3 2 7 | 1 2 3 4 5 7 8 9 6 | 6 4 7 8 9 3 2 1 5 | 9 8 5 2 1 6 4 7 3 | 7 3 1 6 8 2 9 5 4 | 8 6 2 9 4 5 7 3 1 | 5 9 4 7 3 1 6 8 2 |,1,0.0013574, 3 7 8 1 2 4 5 6 9 | 2 5 6 3 7 9 1 4 8 | 4 1 9 5 6 8 3 2 7 | 1 2 3 4 5 7 8 9 6 | 6 4 7 8 9 3 2 1 5 | 9 8 5 2 1 6 4 7 3 | 7 3 1 6 8 2 9 5 4 | 8 6 2 9 4 5 7 3 1 | 5 9 4 7 3 1 6 8 2 |,1,
87,9,17, 9 _ 3 _ _ 5 _ 7 _ | _ _ _ _ _ _ _ _ _ | _ 5 _ _ _ _ _ _ _ | 1 2 _ _ 3 7 _ _ 6 | _ _ _ _ 9 _ _ _ _ | _ _ _ _ 6 _ _ _ _ | _ _ _ _ _ 4 _ _ 3 | _ _ _ _ _ 3 _ _ _ | _ _ _ _ _ 2 9 _ _ |,100, 9 _ 3 _ _ 5 _ 7 _ | _ _ _ _ _ _ _ _ _ | _ 5 _ _ _ _ _ _ _ | 1 2 _ _ 3 7 _ _ 6 | _ _ _ _ 9 _ _ _ _ | _ _ _ _ 6 _ _ _ _ | _ _ _ _ _ 4 _ _ 3 | _ _ _ _ _ 3 _ _ _ | _ _ _ _ _ 2 9 _ _ |,-1,0.0475172, 9 8 3 1 2 5 6 7 4 | 2 1 4 3 7 6 5 8 9 | 6 5 7 8 4 9 1 3 2 | 1 2 5 4 3 7 8 9 6 | 3 4 6 5 9 8 2 1 7 | 7 9 8 2 6 1 3 4 5 | 8 6 2 9 1 4 7 5 3 | 5 7 9 6 8 3 4 2 1 | 4 3 1 7 5 2 9 6 8 |,1,
88,9,17, _ 3 _ 1 _ 6 _ _ _ | _ _ _ _ _ _ _ _ 5 | _ _ _ _ _ 8 _ 4 _ | 1 4 _ _ _ _ _ _ 7 | 3 _ 6 _ _ _ _ _ _ | 8 _ _ 2 _ _ _ _ _ | 2 _ _ _ _ 3 _ _ _ | _ _ _ _ _ _ _ _ _ | _ _ 3 _ _ _ 4 _ _ |,0.0011891, 4 3 2 1 5 6 7 8 9 | 6 1 8 4 7 9 2 3 5 | 5 9 7 3 2 8 1 4 6 | 1 4 9 6 3 5 8 2 7 | 3 2 6 7 8 1 5 9 4 | 8 7 5 2 9 4 3 6 1 | 2 5 1 9 4 3 6 7 8 | 7 6 4 8 1 2 9 5 3 | 9 8 3 5 6 7 4 1 2 |,1,0.0009986, 5 3 2 1 4 6 7 8 9 | 4 1 8 3 7 9 2 6 5 | 6 9 7 5 2 8 1 4 3 | 1 4 9 6 3 5 8 2 7 | 3 2 6 4 8 7 5 9 1 | 8 7 5 2 9 1 6 3 4 | 2 5 4 7 6 3 9 1 8 | 9 6 1 8 5 4 3 7 2 | 7 8 3 9 1 2 4 5 6 |,1,
89,9,17, _ 9 _ _ _ _ _ _ 8 | _ 2 _ _ _ 8 _ _ _ | _ _ _ _ _ _ _ 3 _ | _ _ _ _ _ _ _ 9 _ | 4 _ 7 _ _ _ _ _ _ | _ _ _ 2 _ _ _ _ _ | 5 _ 1 _ _ _ _ _ _ | 6 4 _ _ _ 3 _ _ _ | _ _ _ _ 1 2 _ 4 _ |,0.0026894, 1 9 3 4 2 5 6 7 8 | 7 2 4 3 6 8 1 5 9 | 8 5 6 1 7 9 2 3 4 | 2 1 5 6 3 4 8 9 7 | 4 6 7 8 9 1 5 2 3 | 3 8 9 2 5 7 4 6 1 | 5 3 1 7 4 6 9 8 2 | 6 4 2 9 8 3 7 1 5 | 9 7 8 5 1 2 3 4 6 |,1,0.000898, 3 9 4 1 2 5 6 7 8 | 1 2 6 3 7 8 4 5 9 | 7 5 8 4 6 9 1 3 2 | 2 1 3 5 4 6 8 9 7 | 4 8 7 9 3 1 2 6 5 | 9 6 5 2 8 7 3 1 4 | 5 3 1 8 9 4 7 2 6 | 6 4 2 7 5 3 9 8 1 | 8 7 9 6 1 2 5 4 3 |,1,
90,9,17, _ 9 _ 1 _ _ 5 _ _ | _ _ _ _ 6 _ _ 2 _ | _ _ _ _ 7 _ _ _ 8 | _ _ _ _ _ 7 _ _ _ | _ _ _ _ _ 1 _ 3 _ | _ 8 _ _ _ 5 _ _ _ | _ _ _ _ _ _ _ _ 4 | _ 6 _ 7 _ 4 9 _ _ | _ _ _ _ _ _ _ _ _ |,0.0082872, 2 9 3 1 4 8 5 6 7 | 1 7 8 5 6 3 4 2 9 | 4 5 6 2 7 9 3 1 8 | 3 1 4 6 2 7 8 9 5 | 5 2 9 4 8 1 7 3 6 | 6 8 7 3 9 5 1 4 2 | 7 3 1 9 5 2 6 8 4 | 8 6 2 7 1 4 9 5 3 | 9 4 5 8 3 6 2 7 1 |,1,0.0043178, 8 9 2 1 4 3 5 6 7 | 1 3 7 5 6 8 4 2 9 | 4 5 6 2 7 9 3 1 8 | 2 1 3 6 9 7 8 4 5 | 5 7 9 4 8 1 2 3 6 | 6 8 4 3 2 5 7 9 1 | 7 2 5 9 3 6 1 8 4 | 3 6 8 7 1 4 9 5 2 | 9 4 1 8 5 2 6 7 3 |,1,
91,9,17, _ _ _ _ _ 5 _ _ _ | _ _ 7 _ _ _ _ _ _ | _ 3 _ _ _ _ _ _ _ | 1 _ _ _ _ _ _ _ 6 | _ 6 _ _ _ 8 _ _ _ | _ _ 9 _ _ _ _ _ 5 | _ _ 1 _ _ _ 9 6 _ | _ 7 _ _ _ _ 5 _ _ | _ 9 _ _ _ 1 7 _ _ |,0.0015864, 2 1 4 3 6 5 8 7 9 | 5 8 7 1 2 9 6 3 4 | 9 3 6 4 8 7 1 5 2 | 1 2 8 5 7 3 4 9 6 | 3 6 5 9 4 8 2 1 7 | 7 4 9 2 1 6 3 8 5 | 4 5 1 7 3 2 9 6 8 | 6 7 3 8 9 4 5 2 1 | 8 9 2 6 5 1 7 4 3 |,1,0.001565, 6 1 2 3 4 5 8 7 9 | 4 5 7 1 8 9 6 2 3 | 9 3 8 2 6 7 1 5 4 | 1 2 5 7 9 4 3 8 6 | 3 6 4 5 1 8 2 9 7 | 7 8 9 6 3 2 4 1 5 | 5 4 1 8 7 3 9 6 2 | 8 7 3 9 2 6 5 4 1 | 2 9 6 4 5 1 7 3 8 |,1,
92,9,17, _ _ _ _ _ _ _ _ 8 | _ _ 8 _ _ _ _ _ _ | _ _ _ _ _ _ _ 2 _ | 2 _ _ _ _ _ 7 _ _ | 3 _ _ 4 9 _ _ _ _ | _ 8 9 _ 7 _ _ _ _ | _ _ _ _ _ _ _ _ _ | _ 4 7 9 _ _ _ _ 1 | 9 3 _ _ _ _ _ _ _ |,0.0021312, 1 2 3 5 4 6 9 7 8 | 4 5 8 7 2 9 1 3 6 | 7 9 6 1 3 8 4 2 5 | 2 1 4 6 8 5 7 9 3 | 3 7 5 4 9 1 6 8 2 | 6 8 9 2 7 3 5 1 4 | 5 6 2 3 1 7 8 4 9 | 8 4 7 9 5 2 3 6 1 | 9 3 1 8 6 4 2 5 7 |,1,0.0010714, 4 1 2 3 5 6 9 7 8 | 5 6 8 7 2 9 1 3 4 | 7 9 3 1 4 8 5 2 6 | 2 5 4 6 8 1 7 9 3 | 3 7 1 4 9 2 6 8 5 | 6 8 9 5 7 3 4 1 2 | 1 2 5 8 6 7 3 4 9 | 8 4 7 9 3 5 2 6 1 | 9 3 6 2 1 4 8 5 7 |,1,
93,9,17, _ _ _ _ _ _ _ _ 9 | 3 1 _ _ _ _ _ _ _ | _ _ _ 5 6 _ _ _ _ | _ _ _ _ 5 _ _ _ _ | _ _ _ 8 _ _ 2 _ _ | _ 9 7 _ _ 2 5 _ _ | _ _ _ _ _ _ _ _ 8 | 7 _ _ 9 _ _ _ _ 2 | _ _ _ 6 _ _ _ _ _ |,0.05918, 2 4 5 1 3 7 6 8 9 | 3 1 6 2 8 9 4 5 7 | 9 7 8 5 6 4 1 2 3 | 1 2 3 7 5 6 8 9 4 | 5 6 4 8 9 3 2 7 1 | 8 9 7 4 1 2 5 3 6 | 6 5 2 3 7 1 9 4 8 | 7 8 1 9 4 5 3 6 2 | 4 3 9 6 2 8 7 1 5 |,1,0.0133587, 6 2 4 1 3 7 8 5 9 | 3 1 5 2 8 9 4 6 7 | 8 7 9 5 6 4 1 2 3 | 2 4 8 7 5 6 3 9 1 | 5 3 6 8 9 1 2 7 4 | 1 9 7 3 4 2 5 8 6 | 9 6 1 4 2 5 7 3 8 | 7 5 3 9 1 8 6 4 2 | 4 8 2 6 7 3 9 1 5 |,1,
94,9,17, _ _ _ _ _ _ _ 6 _ | _ _ _ _ _ _ _ _ _ | _ _ _ _ _ _ 1 _ _ | _ _ _ _ _ _ _ 9 8 | _ 5 _ _ 9 _ _ _ _ | _ _ 9 3 1 _ _ _ 6 | _ 1 _ _ 4 _ _ _ _ | _ 6 _ 9 _ 1 _ _ _ | 9 _ _ _ _ _ _ _ 1 |,0.0013352, 1 2 3 4 5 7 8 6 9 | 4 7 6 1 8 9 2 3 5 | 5 9 8 2 3 6 1 4 7 | 2 3 1 5 6 4 7 9 8 | 6 5 4 7 9 8 3 1 2 | 7 8 9 3 1 2 4 5 6 | 8 1 2 6 4 5 9 7 3 | 3 6 7 9 2 1 5 8 4 | 9 4 5 8 7 3 6 2 1 |,1,0.0011775, 4 2 1 5 3 7 8 6 9 | 3 7 6 1 8 9 2 4 5 | 5 9 8 2 6 4 1 3 7 | 1 3 2 4 5 6 7 9 8 | 6 5 4 7 9 8 3 1 2 | 7 8 9 3 1 2 4 5 6 | 2 1 7 6 4 5 9 8 3 | 8 6 3 9 2 1 5 7 4 | 9 4 5 8 7 3 6 2 1 |,1,
95,9,17, _ _ _ _ _ _ _ _ _ | _ _ _ _ _ 7 _ _ _ | _ _ _ 6 _ _ 2 _ _ | _ _ 2 _ _ _ _ _ _ | 4 5 _ _ _ _ _ _ _ | _ _ _ 3 _ 2 4 _ _ | _ _ _ 5 6 _ _ 8 4 | _ _ _ _ 2 _ _ _ _ | 6 _ _ _ _ _ 5 2 _ |,0.026788, 1 2 3 4 5 8 6 7 9 | 5 4 6 2 9 7 1 3 8 | 7 8 9 6 3 1 2 4 5 | 3 1 2 7 4 5 8 9 6 | 4 5 7 9 8 6 3 1 2 | 9 6 8 3 1 2 4 5 7 | 2 3 1 5 6 9 7 8 4 | 8 7 5 1 2 4 9 6 3 | 6 9 4 8 7 3 5 2 1 |,1,0.0005466, 3 1 4 2 5 8 6 7 9 | 2 6 5 1 9 7 3 4 8 | 7 8 9 6 3 4 2 1 5 | 1 3 2 4 7 5 8 9 6 | 4 5 7 9 8 6 1 3 2 | 8 9 6 3 1 2 4 5 7 | 9 2 1 5 6 3 7 8 4 | 5 4 8 7 2 1 9 6 3 | 6 7 3 8 4 9 5 2 1 |,1,
96,9,17, _ _ _ _ 2 5 _ _ _ | 2 _ _ _ _ _ _ _ _ | 5 _ _ _ 6 _ _ _ _ | 1 _ _ _ 4 _ _ _ _ | _ 5 6 _ 9 _ 2 3 _ | _ _ _ _ _ _ _ _ _ | _ _ _ _ 5 _ _ _ _ | _ _ _ _ _ _ 6 1 _ | _ _ _ _ _ 1 _ _ 2 |,0.0377778, 3 1 4 7 2 5 8 6 9 | 2 6 7 1 8 9 3 4 5 | 5 8 9 3 6 4 1 2 7 | 1 3 2 5 4 6 7 9 8 | 4 5 6 8 9 7 2 3 1 | 7 9 8 2 1 3 4 5 6 | 6 2 1 4 5 8 9 7 3 | 8 7 5 9 3 2 6 1 4 | 9 4 3 6 7 1 5 8 2 |,1,0.0011064, 6 1 3 4 2 5 7 8 9 | 2 4 7 1 8 9 3 5 6 | 5 8 9 3 6 7 1 2 4 | 1 3 2 5 4 6 8 9 7 | 4 5 6 7 9 8 2 3 1 | 7 9 8 2 1 3 4 6 5 | 3 7 1 6 5 2 9 4 8 | 8 2 5 9 7 4 6 1 3 | 9 6 4 8 3 1 5 7 2 |,1,
97,9,17, _ _ _ _ 5 _ _ 8 _ | _ _ 8 _ _ _ _ _ 6 | _ _ _ _ _ 8 _ _ _ | _ 2 _ 5 _ _ _ _ _ | 3 _ _ _ 8 1 _ _ _ | _ _ 7 _ _ _ _ _ _ | _ _ _ _ 2 _ _ 6 _ | _ _ _ _ 6 _ _ _ _ | 9 _ _ 7 _ 4 _ _ _ |,0.0007178, 1 3 2 4 5 6 7 8 9 | 4 5 8 1 7 9 2 3 6 | 6 7 9 2 3 8 1 4 5 | 8 2 1 5 4 7 6 9 3 | 3 9 4 6 8 1 5 2 7 | 5 6 7 3 9 2 4 1 8 | 7 1 3 8 2 5 9 6 4 | 2 4 5 9 6 3 8 7 1 | 9 8 6 7 1 4 3 5 2 |,1,0.0007103, 1 3 2 4 5 6 7 8 9 | 4 5 8 1 7 9 2 3 6 | 6 7 9 2 3 8 1 4 5 | 8 2 1 5 4 7 6 9 3 | 3 9 4 6 8 1 5 2 7 | 5 6 7 3 9 2 4 1 8 | 7 1 3 8 2 5 9 6 4 | 2 4 5 9 6 3 8 7 1 | 9 8 6 7 1 4 3 5 2 |,1,
98,9,17, _ _ _ _ _ _ 6 _ _ | _ 9 _ 1 _ _ _ _ _ | _ _ _ _ _ _ _ _ _ | _ _ _ _ 5 _ _ _ _ | 4 _ 7 8 _ 1 _ 2 _ | _ 8 9 _ _ _ _ 5 _ | _ _ _ _ 8 _ 9 _ _ | _ _ _ _ _ 4 _ _ _ | _ _ _ _ 6 _ 8 _ _ |,0.0715256, 1 2 3 4 7 5 6 8 9 | 5 9 6 1 2 8 7 3 4 | 7 4 8 6 3 9 2 1 5 | 2 3 1 7 5 6 4 9 8 | 4 5 7 8 9 1 3 2 6 | 6 8 9 2 4 3 1 5 7 | 3 1 4 5 8 7 9 6 2 | 8 6 2 9 1 4 5 7 3 | 9 7 5 3 6 2 8 4 1 |,1,0.0056615, 7 1 2 3 4 5 6 8 9 | 3 9 6 1 2 8 4 7 5 | 5 4 8 6 7 9 2 1 3 | 2 3 1 4 5 6 7 9 8 | 4 5 7 8 9 1 3 2 6 | 6 8 9 2 3 7 1 5 4 | 1 6 4 5 8 2 9 3 7 | 8 7 3 9 1 4 5 6 2 | 9 2 5 7 6 3 8 4 1 |,1,
99,9,17, _ _ _ 1 2 _ _ _ _ | _ _ _ 4 _ _ 2 _ _ | _ _ _ _ 8 _ _ _ _ | _ 1 3 _ _ _ _ _ _ | _ _ _ _ 9 _ _ _ _ | _ _ 9 2 3 _ 4 _ _ | _ _ _ _ _ _ _ _ _ | _ 6 7 9 _ 4 _ _ 3 | _ _ _ _ _ _ _ _ _ |,0.0077672, 3 4 5 1 2 6 7 8 9 | 1 7 8 4 5 9 2 3 6 | 2 9 6 3 8 7 1 4 5 | 5 1 3 6 4 8 9 7 2 | 6 2 4 7 9 1 3 5 8 | 7 8 9 2 3 5 4 6 1 | 4 3 1 5 6 2 8 9 7 | 8 6 7 9 1 4 5 2 3 | 9 5 2 8 7 3 6 1 4 |,1,0.0057894, 9 3 4 1 2 5 6 7 8 | 1 5 8 4 6 7 2 3 9 | 2 7 6 3 8 9 1 4 5 | 5 1 3 7 4 6 8 9 2 | 6 4 2 5 9 8 3 1 7 | 7 8 9 2 3 1 4 5 6 | 3 9 1 6 5 2 7 8 4 | 8 6 7 9 1 4 5 2 3 | 4 2 5 8 7 3 9 6 1 |,1,
100,9,17, _ _ _ _ _ _ 5 _ _ | 3 6 7 _ 5 _ _ 4 _ | _ _ _ _ _ _ _ _ _ | _ _ _ _ _ _ _ _ 5 | 4 _ _ _ _ _ _ _ _ | 6 _ _ _ _ _ 4 7 _ | _ 2 _ _ _ _ _ _ _ | _ 3 _ 5 8 _ _ _ _ | _ 4 6 _ _ _ _ _ _ |,0.0025986, 1 8 2 3 4 6 5 9 7 | 3 6 7 1 5 9 2 4 8 | 5 9 4 2 7 8 1 3 6 | 2 1 3 4 6 7 9 8 5 | 4 7 8 9 1 5 3 6 2 | 6 5 9 8 3 2 4 7 1 | 8 2 5 6 9 3 7 1 4 | 7 3 1 5 8 4 6 2 9 | 9 4 6 7 2 1 8 5 3 |,1,0.002532, 1 8 2 3 4 6 5 9 7 | 3 6 7 1 5 9 2 4 8 | 5 9 4 2 7 8 1 3 6 | 2 1 3 4 6 7 9 8 5 | 4 7 8 9 1 5 3 6 2 | 6 5 9 8 3 2 4 7 1 | 8 2 5 6 9 3 7 1 4 | 7 3 1 5 8 4 6 2 9 | 9 4 6 7 2 1 8 5 3 |,1,
